Student Name,Year Level,Student Number,Homework/Assignment,Time Allocation,Reading and Note-Taking,Study Period Procedure,Written Works,Examination Taking,Teachers Consultation
Michael Thomas,1,24427517,"[None, None, None]","[None, None, None]","[None, None, None]","[None, None, None]","[None, None, None]","[None, None, None]","[None, None, None]"
Michael Mcguire,4,21201162,"[None, None, None]","[None, None, None]","[None, None, None]","[None, None, None]","[None, None, None]","[None, None, None]","[None, None, None]"
Jonathan Smith,4,21109020,"[None, None, None]","[None, None, None]","[None, None, None]","[None, None, None]","[None, None, None]","[None, None, None]","[None, None, None]"
Jaime Phelps,4,21558722,"[None, None, None]","[None, None, None]","[None, None, None]","[None, None, None]","[None, None, None]","[None, None, None]","[None, None, None]"
Nicole Hamilton,3,22756076,"[None, None, None]","[None, None, None]","[None, None, None]","[None, None, None]","[None, None, None]","[None, None, None]","[None, None, None]"
Samuel Wilkins,4,21902011,"[None, None, None]","[None, None, None]","[None, None, None]","[None, None, None]","[None, None, None]","[None, None, None]","[None, None, None]"
Brendan Hunt,1,24136396,"[None, None, None]","[None, None, None]","[None, None, None]","[None, None, None]","[None, None, None]","[None, None, None]","[None, None, None]"
Raymond Harper MD,2,23034353,"[None, None, None]","[None, None, None]","[None, None, None]","[None, None, None]","[None, None, None]","[None, None, None]","[None, None, None]"
Jamie Williams,1,24954327,"[None, None, None]","[None, None, None]","[None, None, None]","[None, None, None]","[None, None, None]","[None, None, None]","[None, None, None]"
Tom Combs,4,21610261,"[None, None, None]","[None, None, None]","[None, None, None]","[None, None, None]","[None, None, None]","[None, None, None]","[None, None, None]"
Stephen Boyd,1,24147417,"[None, None, None]","[None, None, None]","[None, None, None]","[None, None, None]","[None, None, None]","[None, None, None]","[None, None, None]"
Scott Silva,3,22774878,"[None, None, None]","[None, None, None]","[None, None, None]","[None, None, None]","[None, None, None]","[None, None, None]","[None, None, None]"
Meghan Davis,2,23339804,"[None, None, None]","[None, None, None]","[None, None, None]","[None, None, None]","[None, None, None]","[None, None, None]","[None, None, None]"
Rachel Nolan,3,22551675,"[None, None, None]","[None, None, None]","[None, None, None]","[None, None, None]","[None, None, None]","[None, None, None]","[None, None, None]"
Joseph Haynes,2,23422322,"[None, None, None]","[None, None, None]","[None, None, None]","[None, None, None]","[None, None, None]","[None, None, None]","[None, None, None]"
Ryan Norman,1,24648412,"[None, None, None]","[None, None, None]","[None, None, None]","[None, None, None]","[None, None, None]","[None, None, None]","[None, None, None]"
Kevin Richardson,1,24077141,"[None, None, None]","[None, None, None]","[None, None, None]","[None, None, None]","[None, None, None]","[None, None, None]","[None, None, None]"
Larry Costa,1,24145018,"[None, None, None]","[None, None, None]","[None, None, None]","[None, None, None]","[None, None, None]","[None, None, None]","[None, None, None]"
Ashley Simpson,1,24131393,"[None, None, None]","[None, None, None]","[None, None, None]","[None, None, None]","[None, None, None]","[None, None, None]","[None, None, None]"
Tina Espinoza,2,23446922,"[None, None, None]","[None, None, None]","[None, None, None]","[None, None, None]","[None, None, None]","[None, None, None]","[None, None, None]"
Vincent Guzman,4,21708270,"[None, None, None]","[None, None, None]","[None, None, None]","[None, None, None]","[None, None, None]","[None, None, None]","[None, None, None]"
Cameron Miller,4,21370355,"[None, None, None]","[None, None, None]","[None, None, None]","[None, None, None]","[None, None, None]","[None, None, None]","[None, None, None]"
Brittany Aguirre,1,24318868,"[None, None, None]","[None, None, None]","[None, None, None]","[None, None, None]","[None, None, None]","[None, None, None]","[None, None, None]"
Joseph Ramos,1,24900064,"[None, None, None]","[None, None, None]","[None, None, None]","[None, None, None]","[None, None, None]","[None, None, None]","[None, None, None]"
Aaron Berger,3,22515038,"[None, None, None]","[None, None, None]","[None, None, None]","[None, None, None]","[None, None, None]","[None, None, None]","[None, None, None]"
Becky Navarro,4,21667239,"[None, None, None]","[None, None, None]","[None, None, None]","[None, None, None]","[None, None, None]","[None, None, None]","[None, None, None]"
Stephanie Dyer MD,4,21874660,"[None, None, None]","[None, None, None]","[None, None, None]","[None, None, None]","[None, None, None]","[None, None, None]","[None, None, None]"
Kathleen Pineda,4,21690438,"[None, None, None]","[None, None, None]","[None, None, None]","[None, None, None]","[None, None, None]","[None, None, None]","[None, None, None]"
Sarah Vincent,4,21542301,"[None, None, None]","[None, None, None]","[None, None, None]","[None, None, None]","[None, None, None]","[None, None, None]","[None, None, None]"
Michael Davis,2,23851597,"[None, None, None]","[None, None, None]","[None, None, None]","[None, None, None]","[None, None, None]","[None, None, None]","[None, None, None]"
Timothy Sullivan,3,22062799,"[None, None, None]","[None, None, None]","[None, None, None]","[None, None, None]","[None, None, None]","[None, None, None]","[None, None, None]"
Laura Green,4,21548233,"[None, None, None]","[None, None, None]","[None, None, None]","[None, None, None]","[None, None, None]","[None, None, None]","[None, None, None]"
Susan Murphy,1,24451751,"[None, None, None]","[None, None, None]","[None, None, None]","[None, None, None]","[None, None, None]","[None, None, None]","[None, None, None]"
Cody Thompson,3,22007613,"[None, None, None]","[None, None, None]","[None, None, None]","[None, None, None]","[None, None, None]","[None, None, None]","[None, None, None]"
Michelle Hanna,1,24357968,"[None, None, None]","[None, None, None]","[None, None, None]","[None, None, None]","[None, None, None]","[None, None, None]","[None, None, None]"
Tina Walker,4,21791903,"[None, None, None]","[None, None, None]","[None, None, None]","[None, None, None]","[None, None, None]","[None, None, None]","[None, None, None]"
Daniel Reyes,2,23073085,"[None, None, None]","[None, None, None]","[None, None, None]","[None, None, None]","[None, None, None]","[None, None, None]","[None, None, None]"
Courtney Ellis MD,3,22874253,"[None, None, None]","[None, None, None]","[None, None, None]","[None, None, None]","[None, None, None]","[None, None, None]","[None, None, None]"
Joshua Austin,2,23587789,"[None, None, None]","[None, None, None]","[None, None, None]","[None, None, None]","[None, None, None]","[None, None, None]","[None, None, None]"
Suzanne Callahan,1,24636782,"[None, None, None]","[None, None, None]","[None, None, None]","[None, None, None]","[None, None, None]","[None, None, None]","[None, None, None]"
Lauren Baker,1,24244748,"[None, None, None]","[None, None, None]","[None, None, None]","[None, None, None]","[None, None, None]","[None, None, None]","[None, None, None]"
Phillip Moore,2,23490463,"[None, None, None]","[None, None, None]","[None, None, None]","[None, None, None]","[None, None, None]","[None, None, None]","[None, None, None]"
Michael Martinez,4,21035934,"[None, None, None]","[None, None, None]","[None, None, None]","[None, None, None]","[None, None, None]","[None, None, None]","[None, None, None]"
Christina Coleman,1,24076533,"[None, None, None]","[None, None, None]","[None, None, None]","[None, None, None]","[None, None, None]","[None, None, None]","[None, None, None]"
James Murphy,1,24311609,"[None, None, None]","[None, None, None]","[None, None, None]","[None, None, None]","[None, None, None]","[None, None, None]","[None, None, None]"
Cesar Johnston,3,22653243,"[None, None, None]","[None, None, None]","[None, None, None]","[None, None, None]","[None, None, None]","[None, None, None]","[None, None, None]"
Christina Williams,2,23808481,"[None, None, None]","[None, None, None]","[None, None, None]","[None, None, None]","[None, None, None]","[None, None, None]","[None, None, None]"
Michael Nelson,1,24702774,"[None, None, None]","[None, None, None]","[None, None, None]","[None, None, None]","[None, None, None]","[None, None, None]","[None, None, None]"
Angel Warner,4,21990102,"[None, None, None]","[None, None, None]","[None, None, None]","[None, None, None]","[None, None, None]","[None, None, None]","[None, None, None]"
Daniel Blair,1,24910275,"[None, None, None]","[None, None, None]","[None, None, None]","[None, None, None]","[None, None, None]","[None, None, None]","[None, None, None]"
Martin Mitchell,3,22981149,"[None, None, None]","[None, None, None]","[None, None, None]","[None, None, None]","[None, None, None]","[None, None, None]","[None, None, None]"
Elizabeth Castillo,3,22481966,"[None, None, None]","[None, None, None]","[None, None, None]","[None, None, None]","[None, None, None]","[None, None, None]","[None, None, None]"
Thomas Goodwin,1,24931008,"[None, None, None]","[None, None, None]","[None, None, None]","[None, None, None]","[None, None, None]","[None, None, None]","[None, None, None]"
Sarah Bishop,1,24638482,"[None, None, None]","[None, None, None]","[None, None, None]","[None, None, None]","[None, None, None]","[None, None, None]","[None, None, None]"
Kelly Andrews,2,23646644,"[None, None, None]","[None, None, None]","[None, None, None]","[None, None, None]","[None, None, None]","[None, None, None]","[None, None, None]"
Timothy Fowler,4,21505853,"[None, None, None]","[None, None, None]","[None, None, None]","[None, None, None]","[None, None, None]","[None, None, None]","[None, None, None]"
Lisa Johnson,1,24392096,"[None, None, None]","[None, None, None]","[None, None, None]","[None, None, None]","[None, None, None]","[None, None, None]","[None, None, None]"
Stephen Lyons,1,24827076,"[None, None, None]","[None, None, None]","[None, None, None]","[None, None, None]","[None, None, None]","[None, None, None]","[None, None, None]"
Stephanie Hall,3,22804141,"[None, None, None]","[None, None, None]","[None, None, None]","[None, None, None]","[None, None, None]","[None, None, None]","[None, None, None]"
Miss Monica Black,1,24994254,"[None, None, None]","[None, None, None]","[None, None, None]","[None, None, None]","[None, None, None]","[None, None, None]","[None, None, None]"
John Murray,3,22160114,"[None, None, None]","[None, None, None]","[None, None, None]","[None, None, None]","[None, None, None]","[None, None, None]","[None, None, None]"
Glenn Ramos,4,21253379,"[None, None, None]","[None, None, None]","[None, None, None]","[None, None, None]","[None, None, None]","[None, None, None]","[None, None, None]"
Charles Brock,3,22148870,"[None, None, None]","[None, None, None]","[None, None, None]","[None, None, None]","[None, None, None]","[None, None, None]","[None, None, None]"
Jacob Logan,1,24337575,"[None, None, None]","[None, None, None]","[None, None, None]","[None, None, None]","[None, None, None]","[None, None, None]","[None, None, None]"
Jillian Collins,3,22011128,"[None, None, None]","[None, None, None]","[None, None, None]","[None, None, None]","[None, None, None]","[None, None, None]","[None, None, None]"
Cynthia Ford,2,23445345,"[None, None, None]","[None, None, None]","[None, None, None]","[None, None, None]","[None, None, None]","[None, None, None]","[None, None, None]"
Zachary Allen,1,24017531,"[None, None, None]","[None, None, None]","[None, None, None]","[None, None, None]","[None, None, None]","[None, None, None]","[None, None, None]"
Kelsey Williams,4,21925579,"[None, None, None]","[None, None, None]","[None, None, None]","[None, None, None]","[None, None, None]","[None, None, None]","[None, None, None]"
Stephen Kramer,3,22556017,"[None, None, None]","[None, None, None]","[None, None, None]","[None, None, None]","[None, None, None]","[None, None, None]","[None, None, None]"
Christopher Mays,3,22947624,"[None, None, None]","[None, None, None]","[None, None, None]","[None, None, None]","[None, None, None]","[None, None, None]","[None, None, None]"
Michelle Meadows,1,24055846,"[None, None, None]","[None, None, None]","[None, None, None]","[None, None, None]","[None, None, None]","[None, None, None]","[None, None, None]"
Jonathan Mcintyre,4,21185895,"[None, None, None]","[None, None, None]","[None, None, None]","[None, None, None]","[None, None, None]","[None, None, None]","[None, None, None]"
David Keith,3,22169593,"[None, None, None]","[None, None, None]","[None, None, None]","[None, None, None]","[None, None, None]","[None, None, None]","[None, None, None]"
Kaylee Anderson,4,21403654,"[None, None, None]","[None, None, None]","[None, None, None]","[None, None, None]","[None, None, None]","[None, None, None]","[None, None, None]"
Elizabeth Todd,4,21292203,"[None, None, None]","[None, None, None]","[None, None, None]","[None, None, None]","[None, None, None]","[None, None, None]","[None, None, None]"
Christian Steele,3,22875282,"[None, None, None]","[None, None, None]","[None, None, None]","[None, None, None]","[None, None, None]","[None, None, None]","[None, None, None]"
James Gonzales,1,24821190,"[None, None, None]","[None, None, None]","[None, None, None]","[None, None, None]","[None, None, None]","[None, None, None]","[None, None, None]"
John Wong,2,23221377,"[None, None, None]","[None, None, None]","[None, None, None]","[None, None, None]","[None, None, None]","[None, None, None]","[None, None, None]"
Michael Tucker,2,23783698,"[None, None, None]","[None, None, None]","[None, None, None]","[None, None, None]","[None, None, None]","[None, None, None]","[None, None, None]"
Donna Estrada,4,21936796,"[None, None, None]","[None, None, None]","[None, None, None]","[None, None, None]","[None, None, None]","[None, None, None]","[None, None, None]"
Michael Becker,4,21988744,"[None, None, None]","[None, None, None]","[None, None, None]","[None, None, None]","[None, None, None]","[None, None, None]","[None, None, None]"
Karen Clements,1,24912307,"[None, None, None]","[None, None, None]","[None, None, None]","[None, None, None]","[None, None, None]","[None, None, None]","[None, None, None]"
Bradley Rivera,1,24464496,"[None, None, None]","[None, None, None]","[None, None, None]","[None, None, None]","[None, None, None]","[None, None, None]","[None, None, None]"
Steven Conley,3,22338482,"[None, None, None]","[None, None, None]","[None, None, None]","[None, None, None]","[None, None, None]","[None, None, None]","[None, None, None]"
Mark Harris,2,23656787,"[None, None, None]","[None, None, None]","[None, None, None]","[None, None, None]","[None, None, None]","[None, None, None]","[None, None, None]"
Jennifer Brown,3,22875695,"[None, None, None]","[None, None, None]","[None, None, None]","[None, None, None]","[None, None, None]","[None, None, None]","[None, None, None]"
Angela Shannon,3,22943673,"[None, None, None]","[None, None, None]","[None, None, None]","[None, None, None]","[None, None, None]","[None, None, None]","[None, None, None]"
Lisa Sanchez,2,23440121,"[None, None, None]","[None, None, None]","[None, None, None]","[None, None, None]","[None, None, None]","[None, None, None]","[None, None, None]"
Amanda Rodriguez,3,22895047,"[None, None, None]","[None, None, None]","[None, None, None]","[None, None, None]","[None, None, None]","[None, None, None]","[None, None, None]"
Benjamin Russo,3,22470578,"[None, None, None]","[None, None, None]","[None, None, None]","[None, None, None]","[None, None, None]","[None, None, None]","[None, None, None]"
Rhonda Sandoval,3,22417452,"[None, None, None]","[None, None, None]","[None, None, None]","[None, None, None]","[None, None, None]","[None, None, None]","[None, None, None]"
Donald Franklin,4,21598098,"[None, None, None]","[None, None, None]","[None, None, None]","[None, None, None]","[None, None, None]","[None, None, None]","[None, None, None]"
Lori Morris,3,22645922,"[None, None, None]","[None, None, None]","[None, None, None]","[None, None, None]","[None, None, None]","[None, None, None]","[None, None, None]"
Jennifer Burton,1,24273335,"[None, None, None]","[None, None, None]","[None, None, None]","[None, None, None]","[None, None, None]","[None, None, None]","[None, None, None]"
Mary Stevens,4,21368012,"[None, None, None]","[None, None, None]","[None, None, None]","[None, None, None]","[None, None, None]","[None, None, None]","[None, None, None]"
Christina Kim,4,21566783,"[None, None, None]","[None, None, None]","[None, None, None]","[None, None, None]","[None, None, None]","[None, None, None]","[None, None, None]"
Kari Smith,1,24537232,"[None, None, None]","[None, None, None]","[None, None, None]","[None, None, None]","[None, None, None]","[None, None, None]","[None, None, None]"
Brittney Johnson,4,21737158,"[None, None, None]","[None, None, None]","[None, None, None]","[None, None, None]","[None, None, None]","[None, None, None]","[None, None, None]"
Patricia Rodriguez,2,23520465,"[None, None, None]","[None, None, None]","[None, None, None]","[None, None, None]","[None, None, None]","[None, None, None]","[None, None, None]"
Joel Martinez,3,22058322,"[None, None, None]","[None, None, None]","[None, None, None]","[None, None, None]","[None, None, None]","[None, None, None]","[None, None, None]"
Darlene Holt,3,22291558,"[None, None, None]","[None, None, None]","[None, None, None]","[None, None, None]","[None, None, None]","[None, None, None]","[None, None, None]"
Kelly Hall,2,23429498,"[None, None, None]","[None, None, None]","[None, None, None]","[None, None, None]","[None, None, None]","[None, None, None]","[None, None, None]"
Alexandra Edwards,2,23653848,"[None, None, None]","[None, None, None]","[None, None, None]","[None, None, None]","[None, None, None]","[None, None, None]","[None, None, None]"
Brandon Smith,1,24545080,"[None, None, None]","[None, None, None]","[None, None, None]","[None, None, None]","[None, None, None]","[None, None, None]","[None, None, None]"
Andrea Wilson,2,23721456,"[None, None, None]","[None, None, None]","[None, None, None]","[None, None, None]","[None, None, None]","[None, None, None]","[None, None, None]"
Michael Harris,2,23278509,"[None, None, None]","[None, None, None]","[None, None, None]","[None, None, None]","[None, None, None]","[None, None, None]","[None, None, None]"
Kristin Glass,1,24270952,"[None, None, None]","[None, None, None]","[None, None, None]","[None, None, None]","[None, None, None]","[None, None, None]","[None, None, None]"
Wendy Howard,1,24531292,"[None, None, None]","[None, None, None]","[None, None, None]","[None, None, None]","[None, None, None]","[None, None, None]","[None, None, None]"
Erica Campbell,2,23852554,"[None, None, None]","[None, None, None]","[None, None, None]","[None, None, None]","[None, None, None]","[None, None, None]","[None, None, None]"
Alexander Cummings,1,24139199,"[None, None, None]","[None, None, None]","[None, None, None]","[None, None, None]","[None, None, None]","[None, None, None]","[None, None, None]"
Lonnie Brown,4,21478054,"[None, None, None]","[None, None, None]","[None, None, None]","[None, None, None]","[None, None, None]","[None, None, None]","[None, None, None]"
David Landry,2,23225804,"[None, None, None]","[None, None, None]","[None, None, None]","[None, None, None]","[None, None, None]","[None, None, None]","[None, None, None]"
Herbert Parker,4,21361066,"[None, None, None]","[None, None, None]","[None, None, None]","[None, None, None]","[None, None, None]","[None, None, None]","[None, None, None]"
Mathew Turner,3,22227047,"[None, None, None]","[None, None, None]","[None, None, None]","[None, None, None]","[None, None, None]","[None, None, None]","[None, None, None]"
Erik Gomez,4,21946605,"[None, None, None]","[None, None, None]","[None, None, None]","[None, None, None]","[None, None, None]","[None, None, None]","[None, None, None]"
Cindy Martinez,3,22756612,"[None, None, None]","[None, None, None]","[None, None, None]","[None, None, None]","[None, None, None]","[None, None, None]","[None, None, None]"
Kelly Campbell,3,22135181,"[None, None, None]","[None, None, None]","[None, None, None]","[None, None, None]","[None, None, None]","[None, None, None]","[None, None, None]"
Hunter Yu,1,24835624,"[None, None, None]","[None, None, None]","[None, None, None]","[None, None, None]","[None, None, None]","[None, None, None]","[None, None, None]"
Jill Hamilton,1,24838124,"[None, None, None]","[None, None, None]","[None, None, None]","[None, None, None]","[None, None, None]","[None, None, None]","[None, None, None]"
Michael Griffith,3,22484661,"[None, None, None]","[None, None, None]","[None, None, None]","[None, None, None]","[None, None, None]","[None, None, None]","[None, None, None]"
Mario Garcia,1,24858868,"[None, None, None]","[None, None, None]","[None, None, None]","[None, None, None]","[None, None, None]","[None, None, None]","[None, None, None]"
Dylan Robles,1,24243506,"[None, None, None]","[None, None, None]","[None, None, None]","[None, None, None]","[None, None, None]","[None, None, None]","[None, None, None]"
Kayla Kim,4,21267554,"[None, None, None]","[None, None, None]","[None, None, None]","[None, None, None]","[None, None, None]","[None, None, None]","[None, None, None]"
Karen Scott,3,22743692,"[None, None, None]","[None, None, None]","[None, None, None]","[None, None, None]","[None, None, None]","[None, None, None]","[None, None, None]"
Rebecca Hughes,2,23590465,"[None, None, None]","[None, None, None]","[None, None, None]","[None, None, None]","[None, None, None]","[None, None, None]","[None, None, None]"
Timothy Smith,1,24385567,"[None, None, None]","[None, None, None]","[None, None, None]","[None, None, None]","[None, None, None]","[None, None, None]","[None, None, None]"
Caroline Lee,1,24616038,"[None, None, None]","[None, None, None]","[None, None, None]","[None, None, None]","[None, None, None]","[None, None, None]","[None, None, None]"
Marcus Flores,3,22828461,"[None, None, None]","[None, None, None]","[None, None, None]","[None, None, None]","[None, None, None]","[None, None, None]","[None, None, None]"
Kayla Mora,3,22131979,"[None, None, None]","[None, None, None]","[None, None, None]","[None, None, None]","[None, None, None]","[None, None, None]","[None, None, None]"
Debra Schultz,3,22794326,"[None, None, None]","[None, None, None]","[None, None, None]","[None, None, None]","[None, None, None]","[None, None, None]","[None, None, None]"
Elizabeth Ramsey,3,22925123,"[None, None, None]","[None, None, None]","[None, None, None]","[None, None, None]","[None, None, None]","[None, None, None]","[None, None, None]"
William Russo,2,23230857,"[None, None, None]","[None, None, None]","[None, None, None]","[None, None, None]","[None, None, None]","[None, None, None]","[None, None, None]"
Michael Anderson,2,23275503,"[None, None, None]","[None, None, None]","[None, None, None]","[None, None, None]","[None, None, None]","[None, None, None]","[None, None, None]"
Jodi Reese MD,2,23863854,"[None, None, None]","[None, None, None]","[None, None, None]","[None, None, None]","[None, None, None]","[None, None, None]","[None, None, None]"
Alyssa Lloyd,3,22595889,"[None, None, None]","[None, None, None]","[None, None, None]","[None, None, None]","[None, None, None]","[None, None, None]","[None, None, None]"
Christopher Alexander,3,22455647,"[None, None, None]","[None, None, None]","[None, None, None]","[None, None, None]","[None, None, None]","[None, None, None]","[None, None, None]"
Amber Jackson,4,21384609,"[None, None, None]","[None, None, None]","[None, None, None]","[None, None, None]","[None, None, None]","[None, None, None]","[None, None, None]"
Joshua Graves,1,24673342,"[None, None, None]","[None, None, None]","[None, None, None]","[None, None, None]","[None, None, None]","[None, None, None]","[None, None, None]"
Rodney Ward,3,22520628,"[None, None, None]","[None, None, None]","[None, None, None]","[None, None, None]","[None, None, None]","[None, None, None]","[None, None, None]"
Jacqueline West MD,4,21658237,"[None, None, None]","[None, None, None]","[None, None, None]","[None, None, None]","[None, None, None]","[None, None, None]","[None, None, None]"
Timothy Garza,3,22438746,"[None, None, None]","[None, None, None]","[None, None, None]","[None, None, None]","[None, None, None]","[None, None, None]","[None, None, None]"
Brittany Tucker,3,22083145,"[None, None, None]","[None, None, None]","[None, None, None]","[None, None, None]","[None, None, None]","[None, None, None]","[None, None, None]"
Devon Foster,2,23355423,"[None, None, None]","[None, None, None]","[None, None, None]","[None, None, None]","[None, None, None]","[None, None, None]","[None, None, None]"
Judith Hale,3,22231999,"[None, None, None]","[None, None, None]","[None, None, None]","[None, None, None]","[None, None, None]","[None, None, None]","[None, None, None]"
Leslie Lloyd DVM,1,24460260,"[None, None, None]","[None, None, None]","[None, None, None]","[None, None, None]","[None, None, None]","[None, None, None]","[None, None, None]"
Hannah Monroe,2,23212409,"[None, None, None]","[None, None, None]","[None, None, None]","[None, None, None]","[None, None, None]","[None, None, None]","[None, None, None]"
Alicia Weiss,3,22857190,"[None, None, None]","[None, None, None]","[None, None, None]","[None, None, None]","[None, None, None]","[None, None, None]","[None, None, None]"
Stephanie Rogers,3,22095659,"[None, None, None]","[None, None, None]","[None, None, None]","[None, None, None]","[None, None, None]","[None, None, None]","[None, None, None]"
Samantha Wallace,4,21352235,"[None, None, None]","[None, None, None]","[None, None, None]","[None, None, None]","[None, None, None]","[None, None, None]","[None, None, None]"
Jane Mccall,1,24992872,"[None, None, None]","[None, None, None]","[None, None, None]","[None, None, None]","[None, None, None]","[None, None, None]","[None, None, None]"
Dana Patterson,3,22603643,"[None, None, None]","[None, None, None]","[None, None, None]","[None, None, None]","[None, None, None]","[None, None, None]","[None, None, None]"
Jamie Murphy,3,22619813,"[None, None, None]","[None, None, None]","[None, None, None]","[None, None, None]","[None, None, None]","[None, None, None]","[None, None, None]"
Emma Freeman,4,21075799,"[None, None, None]","[None, None, None]","[None, None, None]","[None, None, None]","[None, None, None]","[None, None, None]","[None, None, None]"
Fernando Wilson,4,21453703,"[None, None, None]","[None, None, None]","[None, None, None]","[None, None, None]","[None, None, None]","[None, None, None]","[None, None, None]"
Mr. James Johnson,2,23945150,"[None, None, None]","[None, None, None]","[None, None, None]","[None, None, None]","[None, None, None]","[None, None, None]","[None, None, None]"
Christine Smith DDS,2,23755581,"[None, None, None]","[None, None, None]","[None, None, None]","[None, None, None]","[None, None, None]","[None, None, None]","[None, None, None]"
Kenneth Gentry,3,22308057,"[None, None, None]","[None, None, None]","[None, None, None]","[None, None, None]","[None, None, None]","[None, None, None]","[None, None, None]"
John Conley,2,23134486,"[None, None, None]","[None, None, None]","[None, None, None]","[None, None, None]","[None, None, None]","[None, None, None]","[None, None, None]"
Carlos Brown,1,24508432,"[None, None, None]","[None, None, None]","[None, None, None]","[None, None, None]","[None, None, None]","[None, None, None]","[None, None, None]"
Pamela Simmons,2,23961871,"[None, None, None]","[None, None, None]","[None, None, None]","[None, None, None]","[None, None, None]","[None, None, None]","[None, None, None]"
William Wright,4,21438799,"[None, None, None]","[None, None, None]","[None, None, None]","[None, None, None]","[None, None, None]","[None, None, None]","[None, None, None]"
Rhonda Chavez,1,24694004,"[None, None, None]","[None, None, None]","[None, None, None]","[None, None, None]","[None, None, None]","[None, None, None]","[None, None, None]"
Erin Barrera,2,23602819,"[None, None, None]","[None, None, None]","[None, None, None]","[None, None, None]","[None, None, None]","[None, None, None]","[None, None, None]"
Loretta Franco,3,22092418,"[None, None, None]","[None, None, None]","[None, None, None]","[None, None, None]","[None, None, None]","[None, None, None]","[None, None, None]"
Sharon Gomez,3,22307899,"[None, None, None]","[None, None, None]","[None, None, None]","[None, None, None]","[None, None, None]","[None, None, None]","[None, None, None]"
Tony Graham,1,24736856,"[None, None, None]","[None, None, None]","[None, None, None]","[None, None, None]","[None, None, None]","[None, None, None]","[None, None, None]"
Robert Bell,4,21961311,"[None, None, None]","[None, None, None]","[None, None, None]","[None, None, None]","[None, None, None]","[None, None, None]","[None, None, None]"
Keith Miller,3,22214054,"[None, None, None]","[None, None, None]","[None, None, None]","[None, None, None]","[None, None, None]","[None, None, None]","[None, None, None]"
Lisa Williams,3,22516867,"[None, None, None]","[None, None, None]","[None, None, None]","[None, None, None]","[None, None, None]","[None, None, None]","[None, None, None]"
Edward Jordan,4,21415835,"[None, None, None]","[None, None, None]","[None, None, None]","[None, None, None]","[None, None, None]","[None, None, None]","[None, None, None]"
Rebecca Yang,2,23065027,"[None, None, None]","[None, None, None]","[None, None, None]","[None, None, None]","[None, None, None]","[None, None, None]","[None, None, None]"
Kayla Miller,1,24492758,"[None, None, None]","[None, None, None]","[None, None, None]","[None, None, None]","[None, None, None]","[None, None, None]","[None, None, None]"
Patrick Johnson,4,21899622,"[None, None, None]","[None, None, None]","[None, None, None]","[None, None, None]","[None, None, None]","[None, None, None]","[None, None, None]"
Alan Nguyen,4,21379958,"[None, None, None]","[None, None, None]","[None, None, None]","[None, None, None]","[None, None, None]","[None, None, None]","[None, None, None]"
John Thompson,4,21686674,"[None, None, None]","[None, None, None]","[None, None, None]","[None, None, None]","[None, None, None]","[None, None, None]","[None, None, None]"
Autumn Mccormick,3,22335466,"[None, None, None]","[None, None, None]","[None, None, None]","[None, None, None]","[None, None, None]","[None, None, None]","[None, None, None]"
Jennifer Blackwell,2,23357363,"[None, None, None]","[None, None, None]","[None, None, None]","[None, None, None]","[None, None, None]","[None, None, None]","[None, None, None]"
Kristin Walsh,4,21160828,"[None, None, None]","[None, None, None]","[None, None, None]","[None, None, None]","[None, None, None]","[None, None, None]","[None, None, None]"
Charles Nolan,3,22415614,"[None, None, None]","[None, None, None]","[None, None, None]","[None, None, None]","[None, None, None]","[None, None, None]","[None, None, None]"
Shane Reyes,3,22112323,"[None, None, None]","[None, None, None]","[None, None, None]","[None, None, None]","[None, None, None]","[None, None, None]","[None, None, None]"
Lisa Ward,4,21066799,"[None, None, None]","[None, None, None]","[None, None, None]","[None, None, None]","[None, None, None]","[None, None, None]","[None, None, None]"
Sarah Cruz MD,3,22236233,"[None, None, None]","[None, None, None]","[None, None, None]","[None, None, None]","[None, None, None]","[None, None, None]","[None, None, None]"
Teresa Howard,3,22325829,"[None, None, None]","[None, None, None]","[None, None, None]","[None, None, None]","[None, None, None]","[None, None, None]","[None, None, None]"
Joseph Ford,2,23694591,"[None, None, None]","[None, None, None]","[None, None, None]","[None, None, None]","[None, None, None]","[None, None, None]","[None, None, None]"
Lance Smith,2,23057171,"[None, None, None]","[None, None, None]","[None, None, None]","[None, None, None]","[None, None, None]","[None, None, None]","[None, None, None]"
Melanie Arnold,3,22142049,"[None, None, None]","[None, None, None]","[None, None, None]","[None, None, None]","[None, None, None]","[None, None, None]","[None, None, None]"
Keith Lowery,2,23959449,"[None, None, None]","[None, None, None]","[None, None, None]","[None, None, None]","[None, None, None]","[None, None, None]","[None, None, None]"
Kelli Bennett,3,22478275,"[None, None, None]","[None, None, None]","[None, None, None]","[None, None, None]","[None, None, None]","[None, None, None]","[None, None, None]"
Jesus Benjamin,1,24633620,"[None, None, None]","[None, None, None]","[None, None, None]","[None, None, None]","[None, None, None]","[None, None, None]","[None, None, None]"
Manuel Warren,4,21828329,"[None, None, None]","[None, None, None]","[None, None, None]","[None, None, None]","[None, None, None]","[None, None, None]","[None, None, None]"
David Green,1,24405818,"[None, None, None]","[None, None, None]","[None, None, None]","[None, None, None]","[None, None, None]","[None, None, None]","[None, None, None]"
Brandon Carey,3,22952276,"[None, None, None]","[None, None, None]","[None, None, None]","[None, None, None]","[None, None, None]","[None, None, None]","[None, None, None]"
Michael Freeman,3,22891552,"[None, None, None]","[None, None, None]","[None, None, None]","[None, None, None]","[None, None, None]","[None, None, None]","[None, None, None]"
Jordan Johnson,4,21246425,"[None, None, None]","[None, None, None]","[None, None, None]","[None, None, None]","[None, None, None]","[None, None, None]","[None, None, None]"
Calvin Cervantes,3,22754235,"[None, None, None]","[None, None, None]","[None, None, None]","[None, None, None]","[None, None, None]","[None, None, None]","[None, None, None]"
Tonya Vazquez,2,23700870,"[None, None, None]","[None, None, None]","[None, None, None]","[None, None, None]","[None, None, None]","[None, None, None]","[None, None, None]"
Kevin Alvarado,4,21385482,"[None, None, None]","[None, None, None]","[None, None, None]","[None, None, None]","[None, None, None]","[None, None, None]","[None, None, None]"
Jason Flynn,3,22067439,"[None, None, None]","[None, None, None]","[None, None, None]","[None, None, None]","[None, None, None]","[None, None, None]","[None, None, None]"
Andre English,2,23238402,"[None, None, None]","[None, None, None]","[None, None, None]","[None, None, None]","[None, None, None]","[None, None, None]","[None, None, None]"
Lawrence Compton,1,24355783,"[None, None, None]","[None, None, None]","[None, None, None]","[None, None, None]","[None, None, None]","[None, None, None]","[None, None, None]"
Dennis Rogers,4,21661298,"[None, None, None]","[None, None, None]","[None, None, None]","[None, None, None]","[None, None, None]","[None, None, None]","[None, None, None]"
Jon Smith,4,21067489,"[None, None, None]","[None, None, None]","[None, None, None]","[None, None, None]","[None, None, None]","[None, None, None]","[None, None, None]"
Yvette Lewis,4,21423760,"[None, None, None]","[None, None, None]","[None, None, None]","[None, None, None]","[None, None, None]","[None, None, None]","[None, None, None]"
James Bush,2,23086998,"[None, None, None]","[None, None, None]","[None, None, None]","[None, None, None]","[None, None, None]","[None, None, None]","[None, None, None]"
Scott Gould,1,24545179,"[None, None, None]","[None, None, None]","[None, None, None]","[None, None, None]","[None, None, None]","[None, None, None]","[None, None, None]"
Bruce Lawson,2,23854061,"[None, None, None]","[None, None, None]","[None, None, None]","[None, None, None]","[None, None, None]","[None, None, None]","[None, None, None]"
Jason Gonzalez,2,23446356,"[None, None, None]","[None, None, None]","[None, None, None]","[None, None, None]","[None, None, None]","[None, None, None]","[None, None, None]"
Jennifer Bass,1,24672178,"[None, None, None]","[None, None, None]","[None, None, None]","[None, None, None]","[None, None, None]","[None, None, None]","[None, None, None]"
Nichole Wade,2,23658390,"[None, None, None]","[None, None, None]","[None, None, None]","[None, None, None]","[None, None, None]","[None, None, None]","[None, None, None]"
Nancy Ballard,1,24617935,"[None, None, None]","[None, None, None]","[None, None, None]","[None, None, None]","[None, None, None]","[None, None, None]","[None, None, None]"
Christopher Hall,4,21845859,"[None, None, None]","[None, None, None]","[None, None, None]","[None, None, None]","[None, None, None]","[None, None, None]","[None, None, None]"
Audrey Farmer,4,21062453,"[None, None, None]","[None, None, None]","[None, None, None]","[None, None, None]","[None, None, None]","[None, None, None]","[None, None, None]"
Adrian Gross,2,23873494,"[None, None, None]","[None, None, None]","[None, None, None]","[None, None, None]","[None, None, None]","[None, None, None]","[None, None, None]"
Rachel Wood,2,23468331,"[None, None, None]","[None, None, None]","[None, None, None]","[None, None, None]","[None, None, None]","[None, None, None]","[None, None, None]"
Nancy Hall,1,24050700,"[None, None, None]","[None, None, None]","[None, None, None]","[None, None, None]","[None, None, None]","[None, None, None]","[None, None, None]"
Antonio Torres,3,22802401,"[None, None, None]","[None, None, None]","[None, None, None]","[None, None, None]","[None, None, None]","[None, None, None]","[None, None, None]"
Crystal Flowers,4,21854647,"[None, None, None]","[None, None, None]","[None, None, None]","[None, None, None]","[None, None, None]","[None, None, None]","[None, None, None]"
Tiffany Hill,4,21372766,"[None, None, None]","[None, None, None]","[None, None, None]","[None, None, None]","[None, None, None]","[None, None, None]","[None, None, None]"
Paula Williams,4,21041655,"[None, None, None]","[None, None, None]","[None, None, None]","[None, None, None]","[None, None, None]","[None, None, None]","[None, None, None]"
Brian Rivera,2,23617235,"[None, None, None]","[None, None, None]","[None, None, None]","[None, None, None]","[None, None, None]","[None, None, None]","[None, None, None]"
Tracy Garrison,3,22135869,"[None, None, None]","[None, None, None]","[None, None, None]","[None, None, None]","[None, None, None]","[None, None, None]","[None, None, None]"
Kevin Shaw,3,22782826,"[None, None, None]","[None, None, None]","[None, None, None]","[None, None, None]","[None, None, None]","[None, None, None]","[None, None, None]"
Douglas Shaw,1,24809983,"[None, None, None]","[None, None, None]","[None, None, None]","[None, None, None]","[None, None, None]","[None, None, None]","[None, None, None]"
Michelle Turner,4,21975596,"[None, None, None]","[None, None, None]","[None, None, None]","[None, None, None]","[None, None, None]","[None, None, None]","[None, None, None]"
Dr. Elizabeth Anderson,1,24681830,"[None, None, None]","[None, None, None]","[None, None, None]","[None, None, None]","[None, None, None]","[None, None, None]","[None, None, None]"
Harold Castillo,1,24813096,"[None, None, None]","[None, None, None]","[None, None, None]","[None, None, None]","[None, None, None]","[None, None, None]","[None, None, None]"
Lawrence Cortez,4,21226118,"[None, None, None]","[None, None, None]","[None, None, None]","[None, None, None]","[None, None, None]","[None, None, None]","[None, None, None]"
Carl Gonzales,1,24547256,"[None, None, None]","[None, None, None]","[None, None, None]","[None, None, None]","[None, None, None]","[None, None, None]","[None, None, None]"
Nichole Walton,2,23990880,"[None, None, None]","[None, None, None]","[None, None, None]","[None, None, None]","[None, None, None]","[None, None, None]","[None, None, None]"
Martin Phillips,1,24192871,"[None, None, None]","[None, None, None]","[None, None, None]","[None, None, None]","[None, None, None]","[None, None, None]","[None, None, None]"
Sara Oconnor,4,21575951,"[None, None, None]","[None, None, None]","[None, None, None]","[None, None, None]","[None, None, None]","[None, None, None]","[None, None, None]"
Nathaniel Johnston,4,21227705,"[None, None, None]","[None, None, None]","[None, None, None]","[None, None, None]","[None, None, None]","[None, None, None]","[None, None, None]"
Amy Smith,4,21126332,"[None, None, None]","[None, None, None]","[None, None, None]","[None, None, None]","[None, None, None]","[None, None, None]","[None, None, None]"
William Reed,2,23074775,"[None, None, None]","[None, None, None]","[None, None, None]","[None, None, None]","[None, None, None]","[None, None, None]","[None, None, None]"
Cindy Romero,2,23378050,"[None, None, None]","[None, None, None]","[None, None, None]","[None, None, None]","[None, None, None]","[None, None, None]","[None, None, None]"
Emily Miller,4,21968360,"[None, None, None]","[None, None, None]","[None, None, None]","[None, None, None]","[None, None, None]","[None, None, None]","[None, None, None]"
Angel Johnson,4,21950206,"[None, None, None]","[None, None, None]","[None, None, None]","[None, None, None]","[None, None, None]","[None, None, None]","[None, None, None]"
Gregory Martin,3,22481056,"[None, None, None]","[None, None, None]","[None, None, None]","[None, None, None]","[None, None, None]","[None, None, None]","[None, None, None]"
Melinda Hines,2,23997701,"[None, None, None]","[None, None, None]","[None, None, None]","[None, None, None]","[None, None, None]","[None, None, None]","[None, None, None]"
