Student Name,Year Level,Student Number,Homework/Assignment,Time Allocation,Reading and Note-Taking,Study Period Procedure,Written Works,Examination Taking,Teachers Consultation
Michael Thomas,1,24427517,"['Strongly Agree', 'Disagree', 'Strongly Disagree']","['Strongly Disagree', 'Strongly Disagree', 'Strongly Agree']","['Disagree', 'Strongly Disagree', 'Disagree']","['Strongly Agree', 'Disagree', 'Strongly Agree']","['Agree', 'Disagree', 'Strongly Agree']","['Strongly Disagree', 'Strongly Disagree', 'Strongly Disagree']","['Disagree', 'Strongly Disagree', 'Disagree']"
Michael Mcguire,3,22418919,"['Strongly Disagree', 'Agree', 'Strongly Disagree']","['Agree', 'Agree', 'Disagree']","['Strongly Disagree', 'Strongly Disagree', 'Agree']","['Strongly Agree', 'Agree', 'Strongly Agree']","['Strongly Disagree', 'Strongly Agree', 'Strongly Agree']","['Strongly Disagree', 'Agree', 'Disagree']","['Strongly Disagree', 'Disagree', 'Agree']"
Jonathan Smith,1,24867902,"['Agree', 'Strongly Agree', 'Strongly Disagree']","['Strongly Disagree', 'Strongly Disagree', 'Disagree']","['Strongly Agree', 'Disagree', 'Strongly Agree']","['Agree', 'Strongly Agree', 'Agree']","['Strongly Agree', 'Agree', 'Strongly Disagree']","['Disagree', 'Disagree', 'Disagree']","['Strongly Disagree', 'Disagree', 'Agree']"
Jaime Phelps,2,23533663,"['Agree', 'Agree', 'Disagree']","['Disagree', 'Strongly Agree', 'Strongly Agree']","['Disagree', 'Disagree', 'Strongly Disagree']","['Strongly Disagree', 'Disagree', 'Strongly Disagree']","['Strongly Agree', 'Disagree', 'Strongly Agree']","['Strongly Agree', 'Strongly Disagree', 'Strongly Disagree']","['Disagree', 'Strongly Agree', 'Strongly Disagree']"
Nicole Hamilton,3,22548289,"['Agree', 'Disagree', 'Strongly Disagree']","['Disagree', 'Strongly Agree', 'Disagree']","['Agree', 'Strongly Agree', 'Agree']","['Strongly Agree', 'Strongly Agree', 'Agree']","['Strongly Agree', 'Strongly Agree', 'Strongly Agree']","['Strongly Disagree', 'Disagree', 'Disagree']","['Strongly Disagree', 'Strongly Disagree', 'Strongly Disagree']"
Samuel Wilkins,2,23339804,"['Agree', 'Agree', 'Agree']","['Strongly Disagree', 'Strongly Agree', 'Strongly Agree']","['Agree', 'Agree', 'Disagree']","['Disagree', 'Strongly Agree', 'Disagree']","['Agree', 'Agree', 'Strongly Agree']","['Disagree', 'Agree', 'Strongly Disagree']","['Disagree', 'Agree', 'Disagree']"
Brendan Hunt,2,23322983,"['Agree', 'Strongly Disagree', 'Disagree']","['Strongly Agree', 'Strongly Disagree', 'Strongly Agree']","['Strongly Agree', 'Strongly Agree', 'Strongly Agree']","['Strongly Disagree', 'Strongly Disagree', 'Strongly Agree']","['Strongly Agree', 'Strongly Disagree', 'Agree']","['Strongly Disagree', 'Disagree', 'Strongly Agree']","['Strongly Disagree', 'Strongly Agree', 'Strongly Agree']"
Raymond Harper MD,2,23250145,"['Strongly Disagree', 'Strongly Disagree', 'Disagree']","['Strongly Disagree', 'Disagree', 'Disagree']","['Disagree', 'Strongly Disagree', 'Strongly Agree']","['Strongly Disagree', 'Strongly Disagree', 'Strongly Disagree']","['Agree', 'Strongly Disagree', 'Strongly Disagree']","['Disagree', 'Agree', 'Agree']","['Strongly Agree', 'Disagree', 'Disagree']"
Jamie Williams,3,22796657,"['Disagree', 'Strongly Disagree', 'Strongly Disagree']","['Strongly Agree', 'Strongly Disagree', 'Strongly Agree']","['Strongly Disagree', 'Strongly Disagree', 'Strongly Disagree']","['Agree', 'Strongly Agree', 'Disagree']","['Strongly Agree', 'Strongly Disagree', 'Disagree']","['Agree', 'Agree', 'Strongly Disagree']","['Strongly Agree', 'Strongly Disagree', 'Disagree']"
Tom Combs,1,24891160,"['Agree', 'Agree', 'Agree']","['Strongly Agree', 'Strongly Disagree', 'Strongly Agree']","['Strongly Disagree', 'Strongly Disagree', 'Strongly Disagree']","['Strongly Disagree', 'Strongly Disagree', 'Strongly Agree']","['Agree', 'Agree', 'Agree']","['Strongly Disagree', 'Agree', 'Strongly Agree']","['Agree', 'Strongly Disagree', 'Strongly Disagree']"
Stephen Boyd,4,21445150,"['Agree', 'Disagree', 'Strongly Disagree']","['Strongly Agree', 'Strongly Agree', 'Strongly Agree']","['Strongly Agree', 'Disagree', 'Disagree']","['Agree', 'Agree', 'Strongly Agree']","['Strongly Agree', 'Strongly Disagree', 'Agree']","['Agree', 'Agree', 'Strongly Disagree']","['Strongly Agree', 'Strongly Agree', 'Agree']"
Scott Silva,4,21600024,"['Strongly Disagree', 'Agree', 'Disagree']","['Agree', 'Agree', 'Strongly Disagree']","['Disagree', 'Strongly Disagree', 'Agree']","['Disagree', 'Strongly Disagree', 'Strongly Agree']","['Agree', 'Agree', 'Disagree']","['Disagree', 'Strongly Disagree', 'Strongly Disagree']","['Agree', 'Agree', 'Disagree']"
Meghan Davis,4,21802164,"['Strongly Disagree', 'Strongly Agree', 'Strongly Disagree']","['Strongly Disagree', 'Disagree', 'Disagree']","['Strongly Agree', 'Strongly Agree', 'Agree']","['Agree', 'Agree', 'Strongly Disagree']","['Strongly Agree', 'Disagree', 'Strongly Agree']","['Agree', 'Agree', 'Strongly Disagree']","['Disagree', 'Disagree', 'Disagree']"
Rachel Nolan,3,22187065,"['Agree', 'Disagree', 'Strongly Agree']","['Strongly Disagree', 'Agree', 'Agree']","['Strongly Disagree', 'Strongly Agree', 'Agree']","['Strongly Disagree', 'Strongly Agree', 'Strongly Disagree']","['Strongly Disagree', 'Agree', 'Agree']","['Disagree', 'Agree', 'Strongly Disagree']","['Strongly Agree', 'Strongly Disagree', 'Agree']"
Joseph Haynes,1,24076132,"['Strongly Disagree', 'Disagree', 'Agree']","['Strongly Agree', 'Strongly Agree', 'Agree']","['Agree', 'Strongly Disagree', 'Strongly Agree']","['Agree', 'Disagree', 'Agree']","['Strongly Agree', 'Strongly Agree', 'Strongly Disagree']","['Strongly Disagree', 'Disagree', 'Strongly Disagree']","['Strongly Agree', 'Agree', 'Disagree']"
Ryan Norman,4,21729815,"['Strongly Agree', 'Strongly Agree', 'Disagree']","['Strongly Agree', 'Strongly Disagree', 'Strongly Disagree']","['Strongly Agree', 'Strongly Disagree', 'Strongly Agree']","['Strongly Disagree', 'Agree', 'Strongly Agree']","['Agree', 'Disagree', 'Agree']","['Disagree', 'Agree', 'Strongly Agree']","['Agree', 'Strongly Agree', 'Strongly Disagree']"
Kevin Richardson,3,22452587,"['Agree', 'Strongly Disagree', 'Disagree']","['Strongly Disagree', 'Strongly Agree', 'Disagree']","['Strongly Agree', 'Strongly Agree', 'Disagree']","['Disagree', 'Strongly Agree', 'Disagree']","['Strongly Disagree', 'Disagree', 'Disagree']","['Agree', 'Strongly Disagree', 'Strongly Disagree']","['Disagree', 'Agree', 'Agree']"
Larry Costa,4,21480750,"['Agree', 'Strongly Agree', 'Disagree']","['Strongly Disagree', 'Strongly Disagree', 'Disagree']","['Agree', 'Strongly Agree', 'Disagree']","['Agree', 'Agree', 'Strongly Disagree']","['Agree', 'Strongly Disagree', 'Strongly Agree']","['Strongly Disagree', 'Disagree', 'Agree']","['Disagree', 'Agree', 'Strongly Agree']"
Ashley Simpson,4,21960474,"['Strongly Agree', 'Strongly Agree', 'Strongly Disagree']","['Disagree', 'Agree', 'Strongly Agree']","['Disagree', 'Disagree', 'Strongly Disagree']","['Disagree', 'Strongly Disagree', 'Strongly Disagree']","['Strongly Agree', 'Strongly Disagree', 'Strongly Disagree']","['Strongly Agree', 'Agree', 'Disagree']","['Disagree', 'Agree', 'Strongly Disagree']"
Tina Espinoza,4,21004653,"['Strongly Disagree', 'Strongly Disagree', 'Agree']","['Disagree', 'Disagree', 'Strongly Agree']","['Agree', 'Disagree', 'Strongly Disagree']","['Agree', 'Strongly Disagree', 'Strongly Agree']","['Strongly Agree', 'Agree', 'Strongly Disagree']","['Agree', 'Disagree', 'Disagree']","['Agree', 'Agree', 'Strongly Agree']"
Vincent Guzman,4,21190702,"['Strongly Agree', 'Strongly Disagree', 'Strongly Agree']","['Strongly Disagree', 'Strongly Disagree', 'Strongly Disagree']","['Disagree', 'Agree', 'Strongly Agree']","['Agree', 'Disagree', 'Disagree']","['Strongly Disagree', 'Agree', 'Agree']","['Strongly Disagree', 'Strongly Disagree', 'Strongly Disagree']","['Disagree', 'Strongly Agree', 'Agree']"
Cameron Miller,4,21282500,"['Disagree', 'Strongly Disagree', 'Strongly Disagree']","['Strongly Agree', 'Disagree', 'Agree']","['Strongly Disagree', 'Agree', 'Agree']","['Strongly Disagree', 'Strongly Agree', 'Strongly Agree']","['Disagree', 'Strongly Disagree', 'Strongly Disagree']","['Strongly Disagree', 'Strongly Agree', 'Disagree']","['Strongly Disagree', 'Strongly Disagree', 'Strongly Disagree']"
Brittany Aguirre,4,21193100,"['Strongly Disagree', 'Strongly Agree', 'Disagree']","['Agree', 'Disagree', 'Disagree']","['Strongly Agree', 'Strongly Agree', 'Strongly Disagree']","['Agree', 'Agree', 'Strongly Agree']","['Disagree', 'Strongly Agree', 'Agree']","['Strongly Agree', 'Strongly Agree', 'Agree']","['Agree', 'Strongly Disagree', 'Strongly Disagree']"
Joseph Ramos,2,23750174,"['Strongly Agree', 'Disagree', 'Agree']","['Strongly Disagree', 'Agree', 'Agree']","['Agree', 'Strongly Disagree', 'Disagree']","['Disagree', 'Strongly Disagree', 'Strongly Agree']","['Agree', 'Strongly Agree', 'Strongly Disagree']","['Strongly Agree', 'Strongly Disagree', 'Disagree']","['Strongly Disagree', 'Strongly Disagree', 'Strongly Disagree']"
Aaron Berger,1,24827076,"['Agree', 'Strongly Disagree', 'Agree']","['Strongly Disagree', 'Agree', 'Strongly Disagree']","['Strongly Agree', 'Agree', 'Agree']","['Agree', 'Strongly Agree', 'Disagree']","['Strongly Agree', 'Strongly Agree', 'Agree']","['Agree', 'Strongly Agree', 'Strongly Disagree']","['Agree', 'Disagree', 'Agree']"
Becky Navarro,3,22406338,"['Agree', 'Strongly Agree', 'Disagree']","['Agree', 'Strongly Disagree', 'Strongly Agree']","['Strongly Agree', 'Strongly Disagree', 'Agree']","['Agree', 'Strongly Disagree', 'Agree']","['Strongly Agree', 'Strongly Agree', 'Disagree']","['Agree', 'Disagree', 'Disagree']","['Strongly Agree', 'Strongly Agree', 'Strongly Agree']"
Stephanie Dyer MD,4,21947514,"['Strongly Disagree', 'Strongly Agree', 'Strongly Disagree']","['Agree', 'Strongly Agree', 'Agree']","['Strongly Disagree', 'Disagree', 'Disagree']","['Strongly Agree', 'Agree', 'Strongly Agree']","['Agree', 'Strongly Agree', 'Strongly Agree']","['Strongly Disagree', 'Strongly Disagree', 'Strongly Agree']","['Strongly Agree', 'Agree', 'Agree']"
Kathleen Pineda,2,23401112,"['Disagree', 'Agree', 'Agree']","['Agree', 'Disagree', 'Agree']","['Agree', 'Strongly Agree', 'Disagree']","['Disagree', 'Disagree', 'Disagree']","['Agree', 'Strongly Agree', 'Agree']","['Strongly Disagree', 'Strongly Disagree', 'Strongly Disagree']","['Strongly Disagree', 'Strongly Agree', 'Agree']"
Sarah Vincent,2,23113637,"['Strongly Disagree', 'Strongly Disagree', 'Strongly Agree']","['Strongly Agree', 'Strongly Agree', 'Strongly Agree']","['Strongly Agree', 'Agree', 'Agree']","['Agree', 'Strongly Agree', 'Strongly Disagree']","['Strongly Disagree', 'Strongly Agree', 'Strongly Agree']","['Strongly Disagree', 'Strongly Agree', 'Strongly Disagree']","['Agree', 'Agree', 'Agree']"
Michael Davis,1,24652234,"['Strongly Disagree', 'Disagree', 'Strongly Disagree']","['Disagree', 'Strongly Agree', 'Disagree']","['Strongly Disagree', 'Disagree', 'Strongly Disagree']","['Strongly Disagree', 'Agree', 'Agree']","['Agree', 'Strongly Agree', 'Disagree']","['Disagree', 'Disagree', 'Strongly Agree']","['Agree', 'Strongly Agree', 'Agree']"
Timothy Sullivan,4,21185895,"['Agree', 'Strongly Disagree', 'Strongly Agree']","['Agree', 'Disagree', 'Strongly Agree']","['Strongly Disagree', 'Disagree', 'Agree']","['Agree', 'Strongly Disagree', 'Agree']","['Disagree', 'Agree', 'Strongly Agree']","['Agree', 'Strongly Disagree', 'Disagree']","['Strongly Agree', 'Agree', 'Agree']"
Laura Green,1,24693398,"['Strongly Agree', 'Strongly Agree', 'Strongly Disagree']","['Agree', 'Strongly Agree', 'Strongly Disagree']","['Strongly Agree', 'Disagree', 'Agree']","['Strongly Agree', 'Agree', 'Disagree']","['Disagree', 'Disagree', 'Strongly Disagree']","['Strongly Agree', 'Disagree', 'Strongly Disagree']","['Strongly Agree', 'Disagree', 'Strongly Agree']"
Susan Murphy,3,22841821,"['Strongly Disagree', 'Disagree', 'Disagree']","['Disagree', 'Strongly Disagree', 'Disagree']","['Strongly Agree', 'Strongly Agree', 'Strongly Agree']","['Agree', 'Strongly Agree', 'Agree']","['Strongly Disagree', 'Disagree', 'Strongly Agree']","['Agree', 'Disagree', 'Strongly Disagree']","['Disagree', 'Strongly Agree', 'Disagree']"
Cody Thompson,4,21982656,"['Disagree', 'Strongly Agree', 'Strongly Agree']","['Strongly Agree', 'Agree', 'Disagree']","['Strongly Agree', 'Agree', 'Strongly Disagree']","['Strongly Agree', 'Strongly Agree', 'Strongly Disagree']","['Agree', 'Strongly Agree', 'Strongly Agree']","['Agree', 'Agree', 'Strongly Agree']","['Agree', 'Strongly Disagree', 'Agree']"
Michelle Hanna,4,21759344,"['Disagree', 'Agree', 'Agree']","['Disagree', 'Strongly Agree', 'Agree']","['Strongly Disagree', 'Agree', 'Strongly Disagree']","['Agree', 'Strongly Agree', 'Agree']","['Agree', 'Strongly Agree', 'Strongly Agree']","['Disagree', 'Agree', 'Strongly Agree']","['Strongly Agree', 'Strongly Disagree', 'Disagree']"
Tina Walker,2,23647433,"['Strongly Agree', 'Strongly Disagree', 'Disagree']","['Strongly Agree', 'Agree', 'Strongly Agree']","['Strongly Agree', 'Strongly Agree', 'Strongly Agree']","['Disagree', 'Agree', 'Strongly Agree']","['Disagree', 'Strongly Disagree', 'Agree']","['Strongly Agree', 'Disagree', 'Strongly Agree']","['Disagree', 'Agree', 'Strongly Agree']"
Daniel Reyes,3,22695154,"['Disagree', 'Strongly Agree', 'Strongly Agree']","['Disagree', 'Strongly Agree', 'Strongly Disagree']","['Strongly Disagree', 'Strongly Agree', 'Strongly Agree']","['Strongly Agree', 'Disagree', 'Strongly Disagree']","['Strongly Disagree', 'Strongly Disagree', 'Strongly Agree']","['Disagree', 'Agree', 'Agree']","['Strongly Disagree', 'Strongly Disagree', 'Disagree']"
Courtney Ellis MD,1,24115664,"['Agree', 'Strongly Disagree', 'Agree']","['Strongly Agree', 'Agree', 'Strongly Agree']","['Disagree', 'Agree', 'Strongly Agree']","['Disagree', 'Disagree', 'Strongly Agree']","['Agree', 'Agree', 'Strongly Agree']","['Strongly Disagree', 'Agree', 'Strongly Agree']","['Strongly Agree', 'Strongly Disagree', 'Disagree']"
Joshua Austin,3,22808460,"['Strongly Agree', 'Strongly Agree', 'Disagree']","['Agree', 'Strongly Disagree', 'Strongly Disagree']","['Strongly Disagree', 'Disagree', 'Strongly Agree']","['Agree', 'Strongly Disagree', 'Disagree']","['Disagree', 'Strongly Agree', 'Strongly Disagree']","['Strongly Agree', 'Strongly Disagree', 'Disagree']","['Disagree', 'Agree', 'Strongly Agree']"
Suzanne Callahan,3,22592254,"['Strongly Agree', 'Disagree', 'Disagree']","['Disagree', 'Agree', 'Strongly Disagree']","['Disagree', 'Agree', 'Strongly Agree']","['Disagree', 'Disagree', 'Disagree']","['Disagree', 'Strongly Agree', 'Disagree']","['Strongly Agree', 'Strongly Disagree', 'Strongly Disagree']","['Disagree', 'Agree', 'Strongly Agree']"
Lauren Baker,4,21839469,"['Strongly Agree', 'Disagree', 'Agree']","['Strongly Agree', 'Strongly Disagree', 'Agree']","['Disagree', 'Strongly Agree', 'Disagree']","['Disagree', 'Disagree', 'Disagree']","['Disagree', 'Strongly Agree', 'Disagree']","['Strongly Disagree', 'Disagree', 'Strongly Agree']","['Disagree', 'Strongly Agree', 'Strongly Agree']"
Phillip Moore,4,21371580,"['Agree', 'Disagree', 'Strongly Disagree']","['Agree', 'Strongly Agree', 'Agree']","['Strongly Agree', 'Disagree', 'Disagree']","['Agree', 'Disagree', 'Strongly Agree']","['Strongly Disagree', 'Strongly Disagree', 'Strongly Agree']","['Strongly Disagree', 'Agree', 'Strongly Disagree']","['Agree', 'Disagree', 'Disagree']"
Michael Martinez,2,23961521,"['Disagree', 'Agree', 'Disagree']","['Strongly Agree', 'Agree', 'Disagree']","['Strongly Disagree', 'Strongly Agree', 'Strongly Disagree']","['Disagree', 'Agree', 'Disagree']","['Agree', 'Agree', 'Strongly Disagree']","['Disagree', 'Agree', 'Strongly Disagree']","['Disagree', 'Agree', 'Agree']"
Christina Coleman,1,24909265,"['Disagree', 'Strongly Agree', 'Strongly Agree']","['Strongly Disagree', 'Agree', 'Agree']","['Agree', 'Strongly Disagree', 'Strongly Disagree']","['Strongly Disagree', 'Strongly Agree', 'Disagree']","['Strongly Disagree', 'Strongly Agree', 'Disagree']","['Strongly Agree', 'Disagree', 'Strongly Disagree']","['Agree', 'Agree', 'Strongly Agree']"
James Murphy,4,21960487,"['Strongly Agree', 'Disagree', 'Disagree']","['Strongly Disagree', 'Disagree', 'Agree']","['Disagree', 'Agree', 'Strongly Disagree']","['Disagree', 'Agree', 'Agree']","['Strongly Agree', 'Strongly Disagree', 'Disagree']","['Strongly Agree', 'Strongly Disagree', 'Agree']","['Disagree', 'Strongly Agree', 'Strongly Agree']"
Cesar Johnston,1,24287866,"['Strongly Agree', 'Agree', 'Strongly Disagree']","['Disagree', 'Agree', 'Disagree']","['Agree', 'Agree', 'Agree']","['Agree', 'Strongly Disagree', 'Agree']","['Strongly Disagree', 'Agree', 'Strongly Agree']","['Strongly Agree', 'Strongly Disagree', 'Strongly Disagree']","['Strongly Disagree', 'Strongly Disagree', 'Strongly Disagree']"
Christina Williams,2,23919909,"['Strongly Disagree', 'Agree', 'Agree']","['Agree', 'Strongly Disagree', 'Agree']","['Strongly Agree', 'Agree', 'Agree']","['Strongly Disagree', 'Agree', 'Disagree']","['Disagree', 'Disagree', 'Agree']","['Strongly Disagree', 'Agree', 'Strongly Agree']","['Disagree', 'Strongly Agree', 'Disagree']"
Michael Nelson,2,23104839,"['Agree', 'Agree', 'Strongly Agree']","['Strongly Agree', 'Agree', 'Disagree']","['Disagree', 'Strongly Agree', 'Strongly Disagree']","['Agree', 'Strongly Agree', 'Strongly Disagree']","['Agree', 'Strongly Agree', 'Agree']","['Agree', 'Disagree', 'Strongly Agree']","['Strongly Disagree', 'Agree', 'Strongly Agree']"
Angel Warner,3,22660552,"['Strongly Agree', 'Strongly Disagree', 'Disagree']","['Strongly Disagree', 'Agree', 'Agree']","['Strongly Agree', 'Strongly Disagree', 'Strongly Agree']","['Agree', 'Strongly Disagree', 'Strongly Disagree']","['Disagree', 'Agree', 'Agree']","['Strongly Disagree', 'Disagree', 'Agree']","['Strongly Disagree', 'Strongly Disagree', 'Strongly Agree']"
Daniel Blair,3,22286590,"['Disagree', 'Disagree', 'Strongly Disagree']","['Disagree', 'Disagree', 'Agree']","['Agree', 'Strongly Disagree', 'Disagree']","['Strongly Disagree', 'Disagree', 'Agree']","['Strongly Disagree', 'Strongly Agree', 'Strongly Agree']","['Strongly Disagree', 'Agree', 'Strongly Agree']","['Agree', 'Agree', 'Agree']"
Martin Mitchell,4,21613446,"['Agree', 'Strongly Agree', 'Strongly Agree']","['Strongly Disagree', 'Strongly Disagree', 'Agree']","['Strongly Agree', 'Strongly Agree', 'Strongly Disagree']","['Strongly Agree', 'Disagree', 'Strongly Disagree']","['Strongly Disagree', 'Disagree', 'Agree']","['Disagree', 'Agree', 'Strongly Disagree']","['Strongly Agree', 'Strongly Agree', 'Strongly Agree']"
Elizabeth Castillo,1,24854692,"['Strongly Disagree', 'Strongly Disagree', 'Strongly Agree']","['Agree', 'Strongly Disagree', 'Disagree']","['Agree', 'Strongly Agree', 'Agree']","['Disagree', 'Strongly Agree', 'Disagree']","['Strongly Disagree', 'Strongly Disagree', 'Disagree']","['Disagree', 'Agree', 'Disagree']","['Disagree', 'Agree', 'Strongly Agree']"
Thomas Goodwin,2,23590465,"['Strongly Disagree', 'Disagree', 'Agree']","['Agree', 'Strongly Agree', 'Strongly Agree']","['Strongly Disagree', 'Strongly Agree', 'Disagree']","['Strongly Agree', 'Strongly Agree', 'Strongly Agree']","['Strongly Disagree', 'Strongly Agree', 'Disagree']","['Disagree', 'Strongly Disagree', 'Strongly Agree']","['Strongly Disagree', 'Strongly Agree', 'Strongly Disagree']"
Sarah Bishop,2,23852727,"['Agree', 'Agree', 'Agree']","['Disagree', 'Strongly Disagree', 'Disagree']","['Strongly Disagree', 'Agree', 'Strongly Agree']","['Agree', 'Strongly Disagree', 'Disagree']","['Strongly Disagree', 'Strongly Agree', 'Agree']","['Agree', 'Agree', 'Strongly Disagree']","['Disagree', 'Strongly Agree', 'Strongly Disagree']"
Kelly Andrews,1,24579432,"['Strongly Disagree', 'Agree', 'Agree']","['Disagree', 'Agree', 'Strongly Disagree']","['Disagree', 'Disagree', 'Agree']","['Disagree', 'Disagree', 'Disagree']","['Strongly Disagree', 'Disagree', 'Strongly Disagree']","['Agree', 'Agree', 'Disagree']","['Disagree', 'Disagree', 'Strongly Disagree']"
Timothy Fowler,3,22726546,"['Agree', 'Strongly Disagree', 'Disagree']","['Strongly Disagree', 'Strongly Agree', 'Disagree']","['Disagree', 'Strongly Disagree', 'Strongly Disagree']","['Strongly Agree', 'Strongly Agree', 'Strongly Disagree']","['Strongly Agree', 'Strongly Agree', 'Disagree']","['Strongly Agree', 'Disagree', 'Agree']","['Agree', 'Strongly Disagree', 'Strongly Disagree']"
Lisa Johnson,1,24762326,"['Agree', 'Strongly Agree', 'Disagree']","['Strongly Agree', 'Agree', 'Agree']","['Strongly Agree', 'Strongly Disagree', 'Agree']","['Strongly Disagree', 'Agree', 'Disagree']","['Agree', 'Agree', 'Agree']","['Agree', 'Strongly Agree', 'Agree']","['Strongly Agree', 'Agree', 'Strongly Agree']"
Stephen Lyons,3,22296461,"['Strongly Disagree', 'Strongly Disagree', 'Agree']","['Strongly Disagree', 'Agree', 'Disagree']","['Strongly Disagree', 'Strongly Agree', 'Strongly Agree']","['Disagree', 'Disagree', 'Agree']","['Disagree', 'Agree', 'Disagree']","['Strongly Agree', 'Strongly Disagree', 'Agree']","['Strongly Agree', 'Strongly Agree', 'Agree']"
Stephanie Hall,3,22206280,"['Strongly Agree', 'Agree', 'Disagree']","['Disagree', 'Strongly Agree', 'Disagree']","['Disagree', 'Agree', 'Strongly Agree']","['Strongly Disagree', 'Agree', 'Disagree']","['Agree', 'Strongly Disagree', 'Agree']","['Agree', 'Disagree', 'Strongly Agree']","['Agree', 'Strongly Agree', 'Strongly Disagree']"
Miss Monica Black,2,23761218,"['Strongly Agree', 'Agree', 'Strongly Disagree']","['Disagree', 'Strongly Disagree', 'Agree']","['Disagree', 'Strongly Disagree', 'Disagree']","['Disagree', 'Agree', 'Agree']","['Agree', 'Disagree', 'Disagree']","['Disagree', 'Strongly Agree', 'Strongly Agree']","['Agree', 'Disagree', 'Disagree']"
John Murray,4,21599167,"['Agree', 'Strongly Agree', 'Disagree']","['Strongly Disagree', 'Agree', 'Strongly Agree']","['Agree', 'Strongly Disagree', 'Agree']","['Strongly Agree', 'Strongly Disagree', 'Disagree']","['Strongly Agree', 'Strongly Disagree', 'Strongly Disagree']","['Strongly Agree', 'Disagree', 'Agree']","['Strongly Disagree', 'Strongly Disagree', 'Strongly Disagree']"
Glenn Ramos,2,23122124,"['Disagree', 'Agree', 'Agree']","['Agree', 'Strongly Agree', 'Strongly Disagree']","['Strongly Disagree', 'Strongly Agree', 'Strongly Disagree']","['Disagree', 'Strongly Agree', 'Strongly Agree']","['Agree', 'Strongly Disagree', 'Strongly Agree']","['Strongly Disagree', 'Agree', 'Disagree']","['Strongly Disagree', 'Agree', 'Strongly Disagree']"
Charles Brock,3,22659770,"['Disagree', 'Agree', 'Disagree']","['Disagree', 'Disagree', 'Agree']","['Disagree', 'Disagree', 'Strongly Agree']","['Disagree', 'Strongly Disagree', 'Strongly Agree']","['Disagree', 'Agree', 'Strongly Disagree']","['Disagree', 'Strongly Agree', 'Disagree']","['Agree', 'Agree', 'Agree']"
Jacob Logan,4,21432784,"['Strongly Disagree', 'Agree', 'Strongly Disagree']","['Disagree', 'Disagree', 'Strongly Disagree']","['Strongly Agree', 'Agree', 'Strongly Agree']","['Strongly Disagree', 'Strongly Disagree', 'Disagree']","['Agree', 'Strongly Disagree', 'Strongly Agree']","['Disagree', 'Agree', 'Disagree']","['Strongly Disagree', 'Strongly Disagree', 'Strongly Agree']"
Jillian Collins,1,24757999,"['Agree', 'Agree', 'Disagree']","['Strongly Agree', 'Strongly Disagree', 'Disagree']","['Strongly Agree', 'Strongly Disagree', 'Strongly Disagree']","['Agree', 'Strongly Disagree', 'Agree']","['Strongly Agree', 'Strongly Disagree', 'Disagree']","['Strongly Disagree', 'Agree', 'Disagree']","['Agree', 'Agree', 'Strongly Disagree']"
Cynthia Ford,3,22008049,"['Agree', 'Strongly Disagree', 'Strongly Agree']","['Disagree', 'Agree', 'Agree']","['Agree', 'Agree', 'Strongly Agree']","['Strongly Agree', 'Agree', 'Disagree']","['Strongly Disagree', 'Strongly Disagree', 'Agree']","['Strongly Agree', 'Disagree', 'Strongly Agree']","['Strongly Agree', 'Strongly Disagree', 'Strongly Agree']"
Zachary Allen,2,23699931,"['Agree', 'Strongly Disagree', 'Strongly Disagree']","['Agree', 'Strongly Disagree', 'Agree']","['Disagree', 'Disagree', 'Strongly Disagree']","['Strongly Agree', 'Strongly Disagree', 'Strongly Agree']","['Strongly Disagree', 'Agree', 'Agree']","['Strongly Disagree', 'Disagree', 'Strongly Agree']","['Strongly Disagree', 'Strongly Agree', 'Strongly Disagree']"
Kelsey Williams,3,22773896,"['Strongly Disagree', 'Disagree', 'Disagree']","['Agree', 'Agree', 'Strongly Disagree']","['Agree', 'Strongly Disagree', 'Agree']","['Strongly Disagree', 'Strongly Agree', 'Agree']","['Strongly Disagree', 'Strongly Disagree', 'Agree']","['Strongly Agree', 'Disagree', 'Strongly Disagree']","['Strongly Agree', 'Disagree', 'Strongly Agree']"
Stephen Kramer,3,22443602,"['Agree', 'Strongly Disagree', 'Disagree']","['Strongly Agree', 'Agree', 'Strongly Disagree']","['Disagree', 'Agree', 'Strongly Disagree']","['Strongly Agree', 'Strongly Disagree', 'Agree']","['Strongly Disagree', 'Strongly Disagree', 'Agree']","['Agree', 'Agree', 'Strongly Disagree']","['Disagree', 'Agree', 'Disagree']"
Christopher Mays,1,24789972,"['Strongly Disagree', 'Strongly Agree', 'Disagree']","['Strongly Agree', 'Agree', 'Strongly Agree']","['Strongly Disagree', 'Strongly Disagree', 'Disagree']","['Agree', 'Disagree', 'Strongly Disagree']","['Disagree', 'Strongly Agree', 'Strongly Agree']","['Strongly Disagree', 'Disagree', 'Strongly Disagree']","['Strongly Disagree', 'Agree', 'Disagree']"
Michelle Meadows,2,23783609,"['Strongly Disagree', 'Agree', 'Disagree']","['Strongly Disagree', 'Disagree', 'Disagree']","['Agree', 'Agree', 'Strongly Disagree']","['Strongly Agree', 'Strongly Agree', 'Strongly Agree']","['Strongly Agree', 'Agree', 'Strongly Disagree']","['Strongly Disagree', 'Strongly Agree', 'Agree']","['Agree', 'Disagree', 'Agree']"
Jonathan Mcintyre,1,24557415,"['Strongly Agree', 'Strongly Agree', 'Disagree']","['Strongly Disagree', 'Strongly Agree', 'Agree']","['Strongly Disagree', 'Disagree', 'Strongly Agree']","['Strongly Agree', 'Agree', 'Agree']","['Agree', 'Agree', 'Agree']","['Strongly Agree', 'Strongly Disagree', 'Strongly Disagree']","['Strongly Agree', 'Strongly Disagree', 'Agree']"
David Keith,2,23758571,"['Disagree', 'Disagree', 'Disagree']","['Disagree', 'Disagree', 'Agree']","['Disagree', 'Strongly Agree', 'Agree']","['Disagree', 'Strongly Disagree', 'Strongly Agree']","['Disagree', 'Strongly Agree', 'Agree']","['Disagree', 'Disagree', 'Strongly Agree']","['Agree', 'Disagree', 'Disagree']"
Kaylee Anderson,3,22576866,"['Agree', 'Disagree', 'Disagree']","['Agree', 'Agree', 'Strongly Agree']","['Strongly Agree', 'Disagree', 'Strongly Disagree']","['Strongly Agree', 'Disagree', 'Disagree']","['Agree', 'Disagree', 'Disagree']","['Strongly Agree', 'Strongly Disagree', 'Disagree']","['Disagree', 'Agree', 'Strongly Agree']"
Elizabeth Todd,2,23638745,"['Strongly Disagree', 'Disagree', 'Strongly Disagree']","['Agree', 'Agree', 'Strongly Agree']","['Disagree', 'Agree', 'Strongly Agree']","['Strongly Disagree', 'Agree', 'Agree']","['Strongly Disagree', 'Agree', 'Strongly Agree']","['Strongly Disagree', 'Agree', 'Strongly Disagree']","['Strongly Disagree', 'Disagree', 'Agree']"
Christian Steele,2,23047124,"['Disagree', 'Strongly Agree', 'Strongly Agree']","['Strongly Disagree', 'Strongly Agree', 'Strongly Agree']","['Strongly Agree', 'Strongly Disagree', 'Agree']","['Agree', 'Disagree', 'Strongly Disagree']","['Strongly Disagree', 'Agree', 'Disagree']","['Disagree', 'Strongly Agree', 'Disagree']","['Disagree', 'Disagree', 'Strongly Agree']"
James Gonzales,2,23431704,"['Strongly Disagree', 'Agree', 'Agree']","['Disagree', 'Strongly Agree', 'Strongly Disagree']","['Strongly Agree', 'Disagree', 'Strongly Agree']","['Agree', 'Agree', 'Strongly Disagree']","['Agree', 'Disagree', 'Strongly Disagree']","['Agree', 'Agree', 'Agree']","['Strongly Disagree', 'Strongly Disagree', 'Agree']"
John Wong,1,24305717,"['Agree', 'Disagree', 'Agree']","['Agree', 'Strongly Disagree', 'Agree']","['Disagree', 'Strongly Disagree', 'Agree']","['Disagree', 'Strongly Agree', 'Disagree']","['Agree', 'Agree', 'Strongly Disagree']","['Disagree', 'Disagree', 'Agree']","['Agree', 'Strongly Agree', 'Disagree']"
Michael Tucker,3,22944900,"['Strongly Agree', 'Disagree', 'Strongly Agree']","['Agree', 'Strongly Disagree', 'Strongly Agree']","['Strongly Disagree', 'Strongly Disagree', 'Strongly Agree']","['Agree', 'Strongly Disagree', 'Strongly Disagree']","['Strongly Agree', 'Disagree', 'Disagree']","['Strongly Agree', 'Disagree', 'Strongly Disagree']","['Strongly Disagree', 'Disagree', 'Strongly Agree']"
Donna Estrada,2,23095016,"['Strongly Disagree', 'Agree', 'Agree']","['Strongly Disagree', 'Agree', 'Strongly Disagree']","['Agree', 'Strongly Disagree', 'Agree']","['Disagree', 'Strongly Disagree', 'Agree']","['Strongly Disagree', 'Strongly Disagree', 'Disagree']","['Strongly Disagree', 'Agree', 'Agree']","['Disagree', 'Disagree', 'Strongly Agree']"
Michael Becker,4,21138771,"['Agree', 'Disagree', 'Disagree']","['Strongly Agree', 'Strongly Disagree', 'Strongly Disagree']","['Agree', 'Agree', 'Strongly Agree']","['Disagree', 'Agree', 'Strongly Agree']","['Agree', 'Disagree', 'Agree']","['Disagree', 'Agree', 'Strongly Agree']","['Strongly Disagree', 'Strongly Disagree', 'Disagree']"
Karen Clements,3,22754235,"['Disagree', 'Strongly Agree', 'Strongly Disagree']","['Strongly Disagree', 'Strongly Agree', 'Strongly Disagree']","['Strongly Disagree', 'Strongly Disagree', 'Strongly Disagree']","['Strongly Disagree', 'Agree', 'Strongly Agree']","['Strongly Agree', 'Strongly Disagree', 'Disagree']","['Disagree', 'Agree', 'Strongly Agree']","['Disagree', 'Agree', 'Agree']"
Bradley Rivera,2,23663539,"['Agree', 'Disagree', 'Strongly Disagree']","['Agree', 'Strongly Disagree', 'Strongly Agree']","['Agree', 'Disagree', 'Disagree']","['Strongly Disagree', 'Strongly Agree', 'Disagree']","['Disagree', 'Disagree', 'Agree']","['Strongly Disagree', 'Disagree', 'Strongly Agree']","['Strongly Disagree', 'Strongly Agree', 'Disagree']"
Steven Conley,2,23481147,"['Disagree', 'Strongly Agree', 'Strongly Disagree']","['Strongly Disagree', 'Strongly Agree', 'Strongly Agree']","['Strongly Agree', 'Strongly Agree', 'Strongly Agree']","['Strongly Disagree', 'Disagree', 'Disagree']","['Strongly Agree', 'Strongly Disagree', 'Strongly Agree']","['Strongly Disagree', 'Disagree', 'Disagree']","['Strongly Agree', 'Strongly Disagree', 'Strongly Agree']"
Mark Harris,4,21067489,"['Strongly Agree', 'Agree', 'Disagree']","['Disagree', 'Strongly Agree', 'Strongly Agree']","['Strongly Disagree', 'Disagree', 'Strongly Agree']","['Strongly Disagree', 'Strongly Agree', 'Strongly Agree']","['Strongly Agree', 'Agree', 'Strongly Disagree']","['Disagree', 'Strongly Disagree', 'Strongly Agree']","['Strongly Disagree', 'Disagree', 'Strongly Agree']"
Jennifer Brown,2,23042759,"['Disagree', 'Agree', 'Strongly Agree']","['Agree', 'Disagree', 'Agree']","['Agree', 'Strongly Disagree', 'Strongly Agree']","['Strongly Disagree', 'Strongly Disagree', 'Strongly Agree']","['Agree', 'Strongly Agree', 'Strongly Disagree']","['Strongly Disagree', 'Strongly Disagree', 'Disagree']","['Strongly Disagree', 'Disagree', 'Agree']"
Angela Shannon,3,22635657,"['Strongly Agree', 'Strongly Agree', 'Disagree']","['Strongly Disagree', 'Strongly Agree', 'Strongly Disagree']","['Agree', 'Strongly Agree', 'Disagree']","['Strongly Agree', 'Strongly Agree', 'Disagree']","['Agree', 'Strongly Agree', 'Disagree']","['Strongly Agree', 'Agree', 'Disagree']","['Strongly Disagree', 'Strongly Agree', 'Strongly Disagree']"
Lisa Sanchez,1,24948195,"['Strongly Disagree', 'Strongly Disagree', 'Disagree']","['Disagree', 'Strongly Disagree', 'Strongly Agree']","['Agree', 'Agree', 'Agree']","['Disagree', 'Strongly Disagree', 'Strongly Disagree']","['Strongly Disagree', 'Agree', 'Strongly Disagree']","['Disagree', 'Strongly Agree', 'Strongly Disagree']","['Strongly Agree', 'Disagree', 'Agree']"
Amanda Rodriguez,3,22355815,"['Agree', 'Strongly Disagree', 'Strongly Agree']","['Agree', 'Agree', 'Disagree']","['Disagree', 'Disagree', 'Disagree']","['Agree', 'Strongly Agree', 'Disagree']","['Disagree', 'Strongly Disagree', 'Disagree']","['Agree', 'Agree', 'Disagree']","['Strongly Disagree', 'Strongly Agree', 'Disagree']"
Benjamin Russo,3,22799005,"['Agree', 'Disagree', 'Agree']","['Strongly Disagree', 'Disagree', 'Agree']","['Strongly Disagree', 'Strongly Disagree', 'Strongly Disagree']","['Agree', 'Strongly Agree', 'Strongly Agree']","['Agree', 'Agree', 'Strongly Agree']","['Strongly Disagree', 'Agree', 'Strongly Agree']","['Strongly Agree', 'Agree', 'Agree']"
Rhonda Sandoval,4,21473797,"['Strongly Agree', 'Strongly Agree', 'Strongly Agree']","['Agree', 'Strongly Agree', 'Agree']","['Disagree', 'Agree', 'Disagree']","['Strongly Disagree', 'Strongly Agree', 'Strongly Disagree']","['Agree', 'Strongly Disagree', 'Strongly Agree']","['Agree', 'Agree', 'Strongly Agree']","['Agree', 'Strongly Agree', 'Disagree']"
Donald Franklin,3,22252683,"['Strongly Agree', 'Agree', 'Agree']","['Disagree', 'Agree', 'Strongly Disagree']","['Disagree', 'Agree', 'Strongly Agree']","['Disagree', 'Agree', 'Strongly Disagree']","['Agree', 'Agree', 'Agree']","['Disagree', 'Disagree', 'Disagree']","['Strongly Disagree', 'Agree', 'Strongly Agree']"
Lori Morris,2,23826902,"['Strongly Disagree', 'Disagree', 'Strongly Agree']","['Strongly Disagree', 'Agree', 'Disagree']","['Strongly Disagree', 'Disagree', 'Strongly Agree']","['Disagree', 'Agree', 'Strongly Agree']","['Strongly Agree', 'Agree', 'Agree']","['Strongly Agree', 'Agree', 'Strongly Agree']","['Strongly Disagree', 'Strongly Disagree', 'Agree']"
Jennifer Burton,3,22416818,"['Strongly Agree', 'Strongly Disagree', 'Strongly Disagree']","['Disagree', 'Strongly Disagree', 'Strongly Agree']","['Strongly Agree', 'Strongly Agree', 'Strongly Agree']","['Strongly Agree', 'Agree', 'Disagree']","['Disagree', 'Strongly Agree', 'Strongly Agree']","['Strongly Disagree', 'Strongly Agree', 'Disagree']","['Disagree', 'Strongly Agree', 'Strongly Disagree']"
Mary Stevens,1,24845591,"['Strongly Agree', 'Agree', 'Agree']","['Strongly Agree', 'Strongly Agree', 'Strongly Agree']","['Strongly Disagree', 'Strongly Disagree', 'Agree']","['Disagree', 'Disagree', 'Strongly Disagree']","['Strongly Disagree', 'Agree', 'Strongly Agree']","['Disagree', 'Disagree', 'Disagree']","['Disagree', 'Agree', 'Strongly Agree']"
Christina Kim,4,21788681,"['Agree', 'Agree', 'Strongly Agree']","['Strongly Disagree', 'Strongly Agree', 'Agree']","['Strongly Agree', 'Agree', 'Agree']","['Strongly Disagree', 'Strongly Agree', 'Disagree']","['Strongly Disagree', 'Strongly Agree', 'Disagree']","['Strongly Agree', 'Disagree', 'Disagree']","['Strongly Agree', 'Strongly Agree', 'Strongly Disagree']"
Kari Smith,3,22870089,"['Disagree', 'Strongly Disagree', 'Agree']","['Strongly Agree', 'Strongly Agree', 'Disagree']","['Strongly Agree', 'Agree', 'Strongly Agree']","['Strongly Disagree', 'Agree', 'Disagree']","['Strongly Disagree', 'Strongly Agree', 'Agree']","['Strongly Agree', 'Strongly Agree', 'Agree']","['Strongly Disagree', 'Agree', 'Disagree']"
Brittney Johnson,1,24074159,"['Disagree', 'Strongly Agree', 'Strongly Disagree']","['Disagree', 'Strongly Disagree', 'Strongly Disagree']","['Strongly Disagree', 'Strongly Agree', 'Strongly Agree']","['Strongly Agree', 'Strongly Agree', 'Strongly Agree']","['Disagree', 'Strongly Agree', 'Strongly Disagree']","['Strongly Agree', 'Agree', 'Disagree']","['Strongly Agree', 'Disagree', 'Agree']"
Patricia Rodriguez,3,22695020,"['Agree', 'Strongly Disagree', 'Strongly Disagree']","['Agree', 'Strongly Agree', 'Strongly Agree']","['Strongly Disagree', 'Strongly Disagree', 'Agree']","['Disagree', 'Strongly Disagree', 'Agree']","['Strongly Disagree', 'Disagree', 'Strongly Agree']","['Strongly Agree', 'Strongly Disagree', 'Strongly Disagree']","['Agree', 'Disagree', 'Disagree']"
Joel Martinez,1,24521329,"['Strongly Agree', 'Agree', 'Strongly Disagree']","['Disagree', 'Agree', 'Strongly Agree']","['Disagree', 'Strongly Agree', 'Disagree']","['Agree', 'Agree', 'Agree']","['Disagree', 'Disagree', 'Strongly Disagree']","['Agree', 'Disagree', 'Strongly Disagree']","['Disagree', 'Agree', 'Strongly Agree']"
Darlene Holt,2,23036341,"['Strongly Disagree', 'Strongly Agree', 'Strongly Disagree']","['Disagree', 'Strongly Disagree', 'Disagree']","['Agree', 'Strongly Disagree', 'Strongly Agree']","['Disagree', 'Agree', 'Strongly Agree']","['Agree', 'Disagree', 'Strongly Disagree']","['Agree', 'Agree', 'Strongly Agree']","['Strongly Agree', 'Strongly Agree', 'Disagree']"
Kelly Hall,4,21552204,"['Strongly Agree', 'Disagree', 'Strongly Agree']","['Strongly Disagree', 'Strongly Agree', 'Agree']","['Strongly Disagree', 'Strongly Disagree', 'Agree']","['Disagree', 'Agree', 'Strongly Disagree']","['Disagree', 'Disagree', 'Strongly Agree']","['Strongly Agree', 'Disagree', 'Agree']","['Strongly Disagree', 'Agree', 'Disagree']"
Alexandra Edwards,3,22363857,"['Strongly Disagree', 'Agree', 'Disagree']","['Agree', 'Strongly Agree', 'Disagree']","['Strongly Agree', 'Strongly Agree', 'Strongly Agree']","['Strongly Agree', 'Disagree', 'Strongly Agree']","['Agree', 'Agree', 'Disagree']","['Disagree', 'Strongly Disagree', 'Agree']","['Agree', 'Strongly Agree', 'Strongly Agree']"
Brandon Smith,1,24340794,"['Strongly Disagree', 'Agree', 'Strongly Disagree']","['Agree', 'Disagree', 'Disagree']","['Disagree', 'Disagree', 'Agree']","['Disagree', 'Disagree', 'Disagree']","['Agree', 'Strongly Disagree', 'Disagree']","['Strongly Agree', 'Agree', 'Strongly Disagree']","['Agree', 'Strongly Disagree', 'Strongly Disagree']"
Andrea Wilson,1,24898928,"['Agree', 'Strongly Disagree', 'Strongly Disagree']","['Disagree', 'Agree', 'Agree']","['Disagree', 'Strongly Agree', 'Strongly Disagree']","['Strongly Agree', 'Disagree', 'Strongly Agree']","['Strongly Agree', 'Disagree', 'Strongly Agree']","['Agree', 'Strongly Agree', 'Agree']","['Agree', 'Disagree', 'Agree']"
Michael Harris,3,22366985,"['Disagree', 'Strongly Disagree', 'Strongly Disagree']","['Strongly Disagree', 'Agree', 'Disagree']","['Strongly Disagree', 'Strongly Disagree', 'Strongly Agree']","['Agree', 'Strongly Agree', 'Disagree']","['Strongly Disagree', 'Agree', 'Strongly Disagree']","['Strongly Agree', 'Strongly Agree', 'Agree']","['Strongly Agree', 'Disagree', 'Disagree']"
Kristin Glass,3,22660505,"['Strongly Agree', 'Disagree', 'Agree']","['Agree', 'Disagree', 'Strongly Disagree']","['Agree', 'Agree', 'Strongly Disagree']","['Agree', 'Strongly Agree', 'Strongly Disagree']","['Strongly Agree', 'Disagree', 'Strongly Disagree']","['Strongly Agree', 'Agree', 'Strongly Disagree']","['Agree', 'Strongly Agree', 'Agree']"
Wendy Howard,2,23124210,"['Agree', 'Agree', 'Disagree']","['Strongly Disagree', 'Strongly Agree', 'Agree']","['Strongly Disagree', 'Agree', 'Strongly Agree']","['Agree', 'Agree', 'Strongly Disagree']","['Strongly Agree', 'Agree', 'Strongly Agree']","['Strongly Agree', 'Disagree', 'Strongly Agree']","['Disagree', 'Agree', 'Agree']"
Erica Campbell,1,24271009,"['Agree', 'Strongly Agree', 'Disagree']","['Strongly Agree', 'Disagree', 'Strongly Agree']","['Strongly Agree', 'Agree', 'Strongly Disagree']","['Agree', 'Strongly Disagree', 'Agree']","['Disagree', 'Agree', 'Strongly Disagree']","['Strongly Disagree', 'Strongly Disagree', 'Strongly Disagree']","['Strongly Agree', 'Strongly Agree', 'Strongly Agree']"
Alexander Cummings,4,21253527,"['Disagree', 'Agree', 'Strongly Agree']","['Strongly Disagree', 'Strongly Agree', 'Agree']","['Strongly Agree', 'Disagree', 'Strongly Agree']","['Strongly Disagree', 'Disagree', 'Strongly Agree']","['Disagree', 'Agree', 'Agree']","['Strongly Disagree', 'Disagree', 'Disagree']","['Strongly Disagree', 'Disagree', 'Agree']"
Lonnie Brown,1,24709473,"['Strongly Agree', 'Strongly Disagree', 'Strongly Disagree']","['Strongly Agree', 'Disagree', 'Strongly Agree']","['Agree', 'Disagree', 'Strongly Agree']","['Strongly Agree', 'Strongly Agree', 'Agree']","['Strongly Agree', 'Strongly Agree', 'Strongly Agree']","['Disagree', 'Strongly Agree', 'Strongly Disagree']","['Agree', 'Strongly Agree', 'Strongly Agree']"
David Landry,1,24694758,"['Agree', 'Disagree', 'Strongly Disagree']","['Strongly Disagree', 'Strongly Disagree', 'Strongly Agree']","['Strongly Disagree', 'Strongly Agree', 'Disagree']","['Disagree', 'Strongly Disagree', 'Disagree']","['Strongly Disagree', 'Strongly Disagree', 'Agree']","['Disagree', 'Agree', 'Strongly Agree']","['Disagree', 'Disagree', 'Strongly Agree']"
Herbert Parker,3,22461029,"['Disagree', 'Strongly Agree', 'Strongly Disagree']","['Disagree', 'Agree', 'Strongly Disagree']","['Strongly Disagree', 'Disagree', 'Disagree']","['Strongly Disagree', 'Disagree', 'Agree']","['Strongly Agree', 'Disagree', 'Disagree']","['Disagree', 'Agree', 'Agree']","['Disagree', 'Agree', 'Strongly Disagree']"
Mathew Turner,3,22702689,"['Agree', 'Strongly Disagree', 'Strongly Disagree']","['Disagree', 'Disagree', 'Disagree']","['Agree', 'Strongly Agree', 'Strongly Disagree']","['Strongly Disagree', 'Strongly Disagree', 'Strongly Disagree']","['Disagree', 'Disagree', 'Strongly Agree']","['Strongly Disagree', 'Strongly Disagree', 'Strongly Disagree']","['Agree', 'Strongly Disagree', 'Strongly Agree']"
Erik Gomez,2,23709912,"['Strongly Disagree', 'Strongly Agree', 'Disagree']","['Strongly Disagree', 'Agree', 'Disagree']","['Strongly Disagree', 'Strongly Agree', 'Strongly Disagree']","['Strongly Agree', 'Disagree', 'Strongly Disagree']","['Strongly Agree', 'Agree', 'Agree']","['Disagree', 'Disagree', 'Strongly Disagree']","['Strongly Disagree', 'Agree', 'Strongly Disagree']"
Cindy Martinez,1,24906042,"['Strongly Disagree', 'Disagree', 'Disagree']","['Strongly Agree', 'Strongly Disagree', 'Disagree']","['Strongly Agree', 'Strongly Agree', 'Disagree']","['Strongly Agree', 'Strongly Agree', 'Disagree']","['Agree', 'Disagree', 'Disagree']","['Agree', 'Disagree', 'Strongly Agree']","['Strongly Agree', 'Disagree', 'Strongly Agree']"
Kelly Campbell,2,23826937,"['Agree', 'Strongly Agree', 'Strongly Disagree']","['Agree', 'Strongly Agree', 'Strongly Disagree']","['Strongly Agree', 'Agree', 'Strongly Disagree']","['Agree', 'Disagree', 'Strongly Disagree']","['Agree', 'Disagree', 'Strongly Agree']","['Strongly Disagree', 'Strongly Disagree', 'Agree']","['Disagree', 'Strongly Agree', 'Agree']"
Hunter Yu,3,22866726,"['Agree', 'Strongly Disagree', 'Disagree']","['Strongly Disagree', 'Strongly Disagree', 'Disagree']","['Strongly Agree', 'Strongly Disagree', 'Strongly Disagree']","['Agree', 'Strongly Agree', 'Agree']","['Strongly Disagree', 'Strongly Agree', 'Strongly Agree']","['Strongly Disagree', 'Strongly Agree', 'Strongly Disagree']","['Strongly Disagree', 'Disagree', 'Agree']"
Jill Hamilton,4,21360501,"['Agree', 'Strongly Disagree', 'Strongly Disagree']","['Agree', 'Agree', 'Strongly Agree']","['Disagree', 'Disagree', 'Strongly Agree']","['Strongly Agree', 'Disagree', 'Disagree']","['Disagree', 'Strongly Agree', 'Strongly Disagree']","['Disagree', 'Disagree', 'Agree']","['Strongly Disagree', 'Strongly Agree', 'Disagree']"
Michael Griffith,3,22590791,"['Disagree', 'Agree', 'Strongly Disagree']","['Strongly Disagree', 'Strongly Agree', 'Strongly Agree']","['Strongly Disagree', 'Agree', 'Strongly Agree']","['Agree', 'Agree', 'Disagree']","['Disagree', 'Strongly Disagree', 'Strongly Agree']","['Disagree', 'Strongly Disagree', 'Strongly Agree']","['Strongly Agree', 'Disagree', 'Strongly Disagree']"
Mario Garcia,3,22344493,"['Disagree', 'Disagree', 'Agree']","['Disagree', 'Agree', 'Strongly Disagree']","['Disagree', 'Strongly Disagree', 'Strongly Agree']","['Agree', 'Strongly Agree', 'Strongly Disagree']","['Strongly Agree', 'Strongly Disagree', 'Disagree']","['Strongly Disagree', 'Agree', 'Strongly Disagree']","['Strongly Disagree', 'Disagree', 'Agree']"
Dylan Robles,1,24293907,"['Disagree', 'Disagree', 'Disagree']","['Agree', 'Agree', 'Agree']","['Strongly Agree', 'Strongly Disagree', 'Disagree']","['Disagree', 'Disagree', 'Disagree']","['Agree', 'Disagree', 'Strongly Disagree']","['Agree', 'Strongly Agree', 'Disagree']","['Strongly Agree', 'Agree', 'Disagree']"
Kayla Kim,4,21587686,"['Strongly Disagree', 'Strongly Disagree', 'Disagree']","['Strongly Disagree', 'Strongly Agree', 'Agree']","['Agree', 'Strongly Agree', 'Strongly Agree']","['Agree', 'Strongly Disagree', 'Disagree']","['Strongly Disagree', 'Disagree', 'Strongly Disagree']","['Disagree', 'Strongly Agree', 'Agree']","['Strongly Disagree', 'Agree', 'Strongly Agree']"
Karen Scott,3,22345440,"['Strongly Agree', 'Strongly Agree', 'Agree']","['Agree', 'Strongly Agree', 'Disagree']","['Strongly Disagree', 'Strongly Agree', 'Agree']","['Agree', 'Strongly Agree', 'Agree']","['Strongly Agree', 'Disagree', 'Strongly Disagree']","['Strongly Disagree', 'Strongly Disagree', 'Strongly Agree']","['Strongly Agree', 'Strongly Agree', 'Agree']"
Rebecca Hughes,4,21347947,"['Disagree', 'Strongly Disagree', 'Agree']","['Strongly Agree', 'Strongly Agree', 'Strongly Disagree']","['Strongly Disagree', 'Strongly Disagree', 'Agree']","['Agree', 'Disagree', 'Disagree']","['Strongly Agree', 'Agree', 'Strongly Disagree']","['Agree', 'Strongly Disagree', 'Agree']","['Strongly Agree', 'Agree', 'Agree']"
Timothy Smith,1,24791116,"['Agree', 'Disagree', 'Strongly Disagree']","['Strongly Disagree', 'Disagree', 'Strongly Agree']","['Disagree', 'Strongly Disagree', 'Strongly Agree']","['Disagree', 'Agree', 'Disagree']","['Disagree', 'Agree', 'Strongly Agree']","['Strongly Disagree', 'Strongly Agree', 'Disagree']","['Strongly Disagree', 'Agree', 'Strongly Agree']"
Caroline Lee,1,24483942,"['Agree', 'Strongly Agree', 'Strongly Agree']","['Strongly Agree', 'Strongly Agree', 'Strongly Agree']","['Strongly Disagree', 'Strongly Agree', 'Disagree']","['Agree', 'Agree', 'Strongly Disagree']","['Strongly Agree', 'Strongly Agree', 'Agree']","['Strongly Agree', 'Strongly Agree', 'Disagree']","['Strongly Disagree', 'Strongly Agree', 'Strongly Disagree']"
Marcus Flores,3,22870978,"['Strongly Disagree', 'Disagree', 'Disagree']","['Agree', 'Agree', 'Strongly Agree']","['Agree', 'Agree', 'Agree']","['Disagree', 'Strongly Disagree', 'Strongly Disagree']","['Strongly Disagree', 'Agree', 'Agree']","['Strongly Disagree', 'Strongly Disagree', 'Agree']","['Strongly Agree', 'Disagree', 'Strongly Agree']"
Kayla Mora,3,22907185,"['Strongly Disagree', 'Agree', 'Disagree']","['Strongly Agree', 'Agree', 'Agree']","['Strongly Agree', 'Agree', 'Strongly Disagree']","['Strongly Disagree', 'Strongly Agree', 'Disagree']","['Agree', 'Disagree', 'Strongly Disagree']","['Strongly Agree', 'Strongly Disagree', 'Strongly Agree']","['Strongly Agree', 'Agree', 'Agree']"
Debra Schultz,3,22506591,"['Disagree', 'Strongly Disagree', 'Disagree']","['Agree', 'Strongly Agree', 'Disagree']","['Agree', 'Strongly Disagree', 'Disagree']","['Agree', 'Disagree', 'Agree']","['Strongly Agree', 'Strongly Agree', 'Agree']","['Strongly Agree', 'Disagree', 'Strongly Agree']","['Strongly Agree', 'Strongly Agree', 'Strongly Agree']"
Elizabeth Ramsey,4,21882749,"['Agree', 'Disagree', 'Strongly Agree']","['Strongly Agree', 'Disagree', 'Strongly Disagree']","['Disagree', 'Agree', 'Strongly Agree']","['Strongly Agree', 'Strongly Agree', 'Strongly Agree']","['Agree', 'Strongly Disagree', 'Strongly Disagree']","['Agree', 'Strongly Disagree', 'Strongly Disagree']","['Strongly Disagree', 'Strongly Disagree', 'Strongly Disagree']"
William Russo,4,21049044,"['Agree', 'Strongly Agree', 'Agree']","['Strongly Disagree', 'Agree', 'Disagree']","['Strongly Disagree', 'Strongly Agree', 'Agree']","['Disagree', 'Strongly Agree', 'Disagree']","['Strongly Disagree', 'Strongly Disagree', 'Strongly Agree']","['Agree', 'Disagree', 'Strongly Agree']","['Disagree', 'Strongly Disagree', 'Strongly Agree']"
Michael Anderson,1,24654221,"['Agree', 'Strongly Agree', 'Agree']","['Agree', 'Disagree', 'Agree']","['Strongly Disagree', 'Strongly Agree', 'Strongly Agree']","['Strongly Disagree', 'Strongly Agree', 'Agree']","['Disagree', 'Strongly Agree', 'Agree']","['Strongly Agree', 'Agree', 'Agree']","['Disagree', 'Strongly Disagree', 'Strongly Agree']"
Jodi Reese MD,3,22133267,"['Disagree', 'Disagree', 'Agree']","['Strongly Disagree', 'Strongly Agree', 'Strongly Agree']","['Strongly Agree', 'Strongly Disagree', 'Strongly Disagree']","['Disagree', 'Disagree', 'Strongly Disagree']","['Strongly Agree', 'Agree', 'Strongly Disagree']","['Strongly Agree', 'Strongly Disagree', 'Strongly Agree']","['Strongly Agree', 'Strongly Disagree', 'Disagree']"
Alyssa Lloyd,2,23574317,"['Agree', 'Disagree', 'Strongly Agree']","['Disagree', 'Strongly Agree', 'Strongly Disagree']","['Disagree', 'Agree', 'Strongly Disagree']","['Strongly Agree', 'Strongly Disagree', 'Strongly Disagree']","['Strongly Disagree', 'Agree', 'Agree']","['Strongly Disagree', 'Disagree', 'Disagree']","['Strongly Agree', 'Strongly Agree', 'Disagree']"
Christopher Alexander,4,21161431,"['Agree', 'Agree', 'Agree']","['Strongly Agree', 'Agree', 'Agree']","['Strongly Agree', 'Disagree', 'Agree']","['Disagree', 'Strongly Disagree', 'Strongly Agree']","['Disagree', 'Strongly Agree', 'Agree']","['Agree', 'Disagree', 'Strongly Agree']","['Disagree', 'Agree', 'Agree']"
Amber Jackson,4,21148393,"['Strongly Agree', 'Agree', 'Strongly Disagree']","['Agree', 'Strongly Agree', 'Strongly Disagree']","['Agree', 'Disagree', 'Agree']","['Agree', 'Strongly Disagree', 'Strongly Disagree']","['Strongly Agree', 'Disagree', 'Disagree']","['Disagree', 'Strongly Agree', 'Strongly Disagree']","['Disagree', 'Strongly Agree', 'Strongly Disagree']"
Joshua Graves,4,21172080,"['Agree', 'Strongly Agree', 'Strongly Agree']","['Strongly Agree', 'Strongly Agree', 'Strongly Disagree']","['Strongly Disagree', 'Agree', 'Disagree']","['Strongly Agree', 'Strongly Agree', 'Disagree']","['Strongly Disagree', 'Strongly Disagree', 'Agree']","['Agree', 'Strongly Agree', 'Agree']","['Strongly Agree', 'Strongly Disagree', 'Agree']"
Rodney Ward,1,24790319,"['Strongly Agree', 'Agree', 'Agree']","['Strongly Disagree', 'Disagree', 'Disagree']","['Agree', 'Strongly Agree', 'Agree']","['Strongly Agree', 'Strongly Disagree', 'Strongly Agree']","['Disagree', 'Strongly Disagree', 'Strongly Agree']","['Agree', 'Strongly Agree', 'Strongly Agree']","['Strongly Disagree', 'Strongly Agree', 'Disagree']"
Jacqueline West MD,3,22338784,"['Disagree', 'Disagree', 'Agree']","['Strongly Agree', 'Agree', 'Disagree']","['Strongly Agree', 'Strongly Disagree', 'Agree']","['Disagree', 'Disagree', 'Agree']","['Strongly Disagree', 'Agree', 'Agree']","['Strongly Disagree', 'Disagree', 'Disagree']","['Strongly Disagree', 'Strongly Disagree', 'Strongly Disagree']"
Timothy Garza,2,23670029,"['Agree', 'Agree', 'Agree']","['Disagree', 'Strongly Agree', 'Strongly Disagree']","['Disagree', 'Strongly Agree', 'Disagree']","['Strongly Agree', 'Agree', 'Strongly Agree']","['Strongly Agree', 'Strongly Agree', 'Agree']","['Strongly Agree', 'Agree', 'Strongly Disagree']","['Strongly Agree', 'Strongly Disagree', 'Disagree']"
Brittany Tucker,1,24341862,"['Strongly Agree', 'Strongly Agree', 'Strongly Agree']","['Agree', 'Strongly Agree', 'Strongly Agree']","['Strongly Disagree', 'Agree', 'Strongly Agree']","['Disagree', 'Disagree', 'Strongly Agree']","['Strongly Disagree', 'Agree', 'Agree']","['Strongly Agree', 'Disagree', 'Agree']","['Strongly Disagree', 'Strongly Agree', 'Disagree']"
Devon Foster,2,23574833,"['Disagree', 'Strongly Agree', 'Disagree']","['Strongly Agree', 'Strongly Agree', 'Disagree']","['Agree', 'Agree', 'Strongly Disagree']","['Agree', 'Disagree', 'Strongly Agree']","['Agree', 'Disagree', 'Disagree']","['Strongly Disagree', 'Disagree', 'Disagree']","['Agree', 'Strongly Agree', 'Disagree']"
Judith Hale,3,22593573,"['Agree', 'Agree', 'Strongly Disagree']","['Strongly Disagree', 'Disagree', 'Disagree']","['Strongly Agree', 'Disagree', 'Agree']","['Strongly Agree', 'Strongly Agree', 'Strongly Disagree']","['Strongly Disagree', 'Strongly Agree', 'Disagree']","['Agree', 'Disagree', 'Strongly Disagree']","['Disagree', 'Strongly Agree', 'Strongly Agree']"
Leslie Lloyd DVM,3,22662695,"['Disagree', 'Strongly Disagree', 'Strongly Disagree']","['Strongly Agree', 'Strongly Agree', 'Disagree']","['Agree', 'Agree', 'Disagree']","['Agree', 'Disagree', 'Strongly Disagree']","['Strongly Disagree', 'Strongly Agree', 'Strongly Agree']","['Agree', 'Strongly Agree', 'Strongly Disagree']","['Strongly Agree', 'Disagree', 'Strongly Disagree']"
Hannah Monroe,4,21377687,"['Disagree', 'Strongly Agree', 'Agree']","['Disagree', 'Disagree', 'Strongly Agree']","['Strongly Agree', 'Agree', 'Strongly Agree']","['Strongly Agree', 'Strongly Disagree', 'Disagree']","['Strongly Disagree', 'Disagree', 'Strongly Agree']","['Disagree', 'Strongly Agree', 'Strongly Agree']","['Strongly Agree', 'Strongly Agree', 'Strongly Disagree']"
Alicia Weiss,1,24753152,"['Agree', 'Disagree', 'Disagree']","['Strongly Disagree', 'Strongly Disagree', 'Disagree']","['Disagree', 'Disagree', 'Agree']","['Strongly Disagree', 'Strongly Disagree', 'Disagree']","['Disagree', 'Agree', 'Agree']","['Strongly Agree', 'Strongly Disagree', 'Strongly Disagree']","['Strongly Disagree', 'Strongly Agree', 'Disagree']"
Stephanie Rogers,1,24374506,"['Strongly Disagree', 'Strongly Agree', 'Strongly Agree']","['Strongly Agree', 'Strongly Disagree', 'Agree']","['Strongly Disagree', 'Strongly Agree', 'Agree']","['Strongly Agree', 'Disagree', 'Agree']","['Strongly Disagree', 'Strongly Disagree', 'Disagree']","['Agree', 'Agree', 'Disagree']","['Strongly Agree', 'Strongly Disagree', 'Disagree']"
Samantha Wallace,4,21603368,"['Disagree', 'Strongly Disagree', 'Agree']","['Agree', 'Disagree', 'Agree']","['Agree', 'Strongly Disagree', 'Agree']","['Strongly Disagree', 'Strongly Disagree', 'Disagree']","['Disagree', 'Strongly Disagree', 'Agree']","['Disagree', 'Strongly Agree', 'Strongly Disagree']","['Agree', 'Disagree', 'Strongly Agree']"
Jane Mccall,2,23914931,"['Agree', 'Disagree', 'Strongly Agree']","['Strongly Agree', 'Strongly Agree', 'Strongly Agree']","['Strongly Agree', 'Strongly Agree', 'Strongly Agree']","['Agree', 'Strongly Disagree', 'Strongly Disagree']","['Strongly Agree', 'Disagree', 'Disagree']","['Agree', 'Strongly Agree', 'Strongly Agree']","['Disagree', 'Agree', 'Agree']"
Dana Patterson,1,24930077,"['Agree', 'Disagree', 'Strongly Agree']","['Disagree', 'Disagree', 'Strongly Agree']","['Agree', 'Strongly Disagree', 'Strongly Agree']","['Agree', 'Disagree', 'Strongly Disagree']","['Disagree', 'Agree', 'Strongly Agree']","['Disagree', 'Agree', 'Strongly Disagree']","['Agree', 'Agree', 'Strongly Disagree']"
Jamie Murphy,1,24572470,"['Agree', 'Disagree', 'Strongly Agree']","['Strongly Disagree', 'Agree', 'Disagree']","['Strongly Disagree', 'Disagree', 'Agree']","['Disagree', 'Disagree', 'Agree']","['Strongly Disagree', 'Agree', 'Strongly Agree']","['Strongly Disagree', 'Disagree', 'Agree']","['Agree', 'Strongly Disagree', 'Disagree']"
Emma Freeman,1,24817690,"['Strongly Agree', 'Strongly Agree', 'Disagree']","['Disagree', 'Strongly Agree', 'Agree']","['Agree', 'Strongly Disagree', 'Agree']","['Disagree', 'Strongly Agree', 'Strongly Disagree']","['Agree', 'Agree', 'Strongly Agree']","['Strongly Agree', 'Disagree', 'Strongly Disagree']","['Disagree', 'Disagree', 'Agree']"
Fernando Wilson,4,21607112,"['Agree', 'Strongly Disagree', 'Disagree']","['Strongly Disagree', 'Agree', 'Disagree']","['Strongly Disagree', 'Strongly Disagree', 'Strongly Agree']","['Strongly Disagree', 'Strongly Disagree', 'Agree']","['Strongly Agree', 'Disagree', 'Disagree']","['Disagree', 'Strongly Disagree', 'Strongly Disagree']","['Disagree', 'Agree', 'Strongly Agree']"
Mr. James Johnson,4,21504593,"['Strongly Agree', 'Disagree', 'Strongly Agree']","['Disagree', 'Strongly Disagree', 'Strongly Disagree']","['Strongly Agree', 'Disagree', 'Agree']","['Disagree', 'Strongly Agree', 'Agree']","['Agree', 'Agree', 'Agree']","['Disagree', 'Strongly Disagree', 'Disagree']","['Strongly Disagree', 'Strongly Disagree', 'Disagree']"
Christine Smith DDS,4,21488992,"['Disagree', 'Strongly Disagree', 'Disagree']","['Strongly Disagree', 'Strongly Agree', 'Agree']","['Strongly Agree', 'Strongly Disagree', 'Strongly Agree']","['Strongly Disagree', 'Strongly Agree', 'Strongly Disagree']","['Disagree', 'Disagree', 'Strongly Agree']","['Strongly Agree', 'Agree', 'Agree']","['Strongly Agree', 'Strongly Agree', 'Disagree']"
Kenneth Gentry,2,23639211,"['Strongly Disagree', 'Agree', 'Agree']","['Strongly Disagree', 'Disagree', 'Agree']","['Strongly Disagree', 'Disagree', 'Agree']","['Strongly Agree', 'Disagree', 'Disagree']","['Strongly Agree', 'Agree', 'Disagree']","['Agree', 'Strongly Agree', 'Disagree']","['Disagree', 'Strongly Agree', 'Disagree']"
John Conley,3,22227120,"['Strongly Agree', 'Strongly Agree', 'Disagree']","['Strongly Disagree', 'Agree', 'Disagree']","['Strongly Agree', 'Agree', 'Agree']","['Agree', 'Agree', 'Disagree']","['Strongly Agree', 'Strongly Disagree', 'Strongly Agree']","['Disagree', 'Agree', 'Agree']","['Disagree', 'Strongly Agree', 'Strongly Disagree']"
Carlos Brown,3,22996419,"['Strongly Disagree', 'Agree', 'Disagree']","['Strongly Agree', 'Agree', 'Strongly Agree']","['Agree', 'Agree', 'Agree']","['Disagree', 'Strongly Disagree', 'Strongly Disagree']","['Strongly Agree', 'Agree', 'Strongly Disagree']","['Agree', 'Strongly Agree', 'Strongly Disagree']","['Strongly Disagree', 'Strongly Disagree', 'Disagree']"
Pamela Simmons,4,21775933,"['Strongly Agree', 'Disagree', 'Disagree']","['Disagree', 'Agree', 'Disagree']","['Strongly Agree', 'Disagree', 'Disagree']","['Disagree', 'Disagree', 'Agree']","['Strongly Agree', 'Agree', 'Strongly Agree']","['Agree', 'Strongly Agree', 'Agree']","['Agree', 'Disagree', 'Strongly Disagree']"
William Wright,2,23757820,"['Disagree', 'Agree', 'Disagree']","['Disagree', 'Strongly Disagree', 'Strongly Agree']","['Disagree', 'Agree', 'Agree']","['Strongly Agree', 'Strongly Disagree', 'Strongly Disagree']","['Agree', 'Strongly Disagree', 'Disagree']","['Strongly Disagree', 'Disagree', 'Agree']","['Disagree', 'Strongly Disagree', 'Agree']"
Rhonda Chavez,3,22307349,"['Disagree', 'Strongly Agree', 'Agree']","['Strongly Agree', 'Strongly Disagree', 'Agree']","['Strongly Disagree', 'Disagree', 'Agree']","['Agree', 'Strongly Disagree', 'Strongly Disagree']","['Disagree', 'Agree', 'Strongly Disagree']","['Strongly Agree', 'Strongly Agree', 'Disagree']","['Strongly Agree', 'Agree', 'Strongly Disagree']"
Erin Barrera,3,22913813,"['Agree', 'Strongly Disagree', 'Strongly Agree']","['Disagree', 'Disagree', 'Agree']","['Strongly Agree', 'Disagree', 'Strongly Disagree']","['Agree', 'Disagree', 'Strongly Agree']","['Agree', 'Strongly Agree', 'Agree']","['Strongly Disagree', 'Strongly Disagree', 'Strongly Disagree']","['Strongly Disagree', 'Strongly Disagree', 'Strongly Agree']"
Loretta Franco,4,21975012,"['Strongly Agree', 'Agree', 'Strongly Agree']","['Strongly Disagree', 'Strongly Agree', 'Agree']","['Agree', 'Strongly Agree', 'Disagree']","['Strongly Agree', 'Strongly Agree', 'Strongly Agree']","['Disagree', 'Strongly Disagree', 'Disagree']","['Strongly Disagree', 'Agree', 'Disagree']","['Disagree', 'Disagree', 'Strongly Disagree']"
Sharon Gomez,2,23455683,"['Disagree', 'Disagree', 'Strongly Agree']","['Strongly Agree', 'Disagree', 'Strongly Agree']","['Disagree', 'Agree', 'Disagree']","['Disagree', 'Strongly Agree', 'Strongly Disagree']","['Disagree', 'Strongly Agree', 'Disagree']","['Strongly Disagree', 'Disagree', 'Disagree']","['Disagree', 'Agree', 'Strongly Disagree']"
Tony Graham,4,21531555,"['Agree', 'Agree', 'Disagree']","['Agree', 'Agree', 'Strongly Agree']","['Strongly Disagree', 'Disagree', 'Strongly Agree']","['Strongly Agree', 'Disagree', 'Disagree']","['Agree', 'Strongly Agree', 'Strongly Agree']","['Agree', 'Strongly Agree', 'Agree']","['Strongly Disagree', 'Disagree', 'Strongly Agree']"
Robert Bell,2,23226989,"['Strongly Disagree', 'Disagree', 'Disagree']","['Disagree', 'Strongly Agree', 'Agree']","['Disagree', 'Agree', 'Disagree']","['Disagree', 'Strongly Agree', 'Strongly Agree']","['Disagree', 'Disagree', 'Disagree']","['Disagree', 'Agree', 'Strongly Agree']","['Agree', 'Strongly Disagree', 'Disagree']"
Keith Miller,3,22278093,"['Disagree', 'Strongly Agree', 'Strongly Disagree']","['Agree', 'Disagree', 'Disagree']","['Strongly Disagree', 'Agree', 'Strongly Disagree']","['Strongly Disagree', 'Disagree', 'Disagree']","['Agree', 'Disagree', 'Strongly Disagree']","['Strongly Disagree', 'Strongly Disagree', 'Disagree']","['Strongly Disagree', 'Strongly Disagree', 'Strongly Disagree']"
Lisa Williams,1,24134980,"['Agree', 'Agree', 'Strongly Disagree']","['Disagree', 'Disagree', 'Strongly Disagree']","['Disagree', 'Disagree', 'Agree']","['Disagree', 'Disagree', 'Agree']","['Strongly Disagree', 'Strongly Disagree', 'Disagree']","['Strongly Disagree', 'Strongly Agree', 'Disagree']","['Strongly Agree', 'Strongly Agree', 'Disagree']"
Edward Jordan,1,24475554,"['Agree', 'Agree', 'Strongly Disagree']","['Strongly Agree', 'Strongly Agree', 'Strongly Agree']","['Strongly Agree', 'Agree', 'Strongly Agree']","['Disagree', 'Disagree', 'Disagree']","['Agree', 'Strongly Disagree', 'Agree']","['Strongly Agree', 'Strongly Agree', 'Strongly Disagree']","['Disagree', 'Disagree', 'Agree']"
Rebecca Yang,1,24876351,"['Strongly Agree', 'Disagree', 'Agree']","['Agree', 'Agree', 'Disagree']","['Disagree', 'Strongly Disagree', 'Strongly Agree']","['Strongly Agree', 'Strongly Disagree', 'Strongly Disagree']","['Disagree', 'Agree', 'Strongly Agree']","['Strongly Disagree', 'Strongly Agree', 'Strongly Disagree']","['Agree', 'Disagree', 'Strongly Agree']"
Kayla Miller,1,24496344,"['Strongly Agree', 'Strongly Agree', 'Disagree']","['Strongly Disagree', 'Strongly Agree', 'Agree']","['Strongly Disagree', 'Agree', 'Agree']","['Strongly Agree', 'Disagree', 'Strongly Disagree']","['Strongly Disagree', 'Strongly Disagree', 'Strongly Disagree']","['Strongly Agree', 'Agree', 'Strongly Disagree']","['Strongly Disagree', 'Strongly Disagree', 'Disagree']"
Patrick Johnson,3,22151553,"['Strongly Agree', 'Strongly Agree', 'Agree']","['Strongly Disagree', 'Strongly Agree', 'Strongly Agree']","['Disagree', 'Disagree', 'Strongly Disagree']","['Agree', 'Strongly Agree', 'Strongly Agree']","['Strongly Disagree', 'Agree', 'Strongly Disagree']","['Disagree', 'Strongly Agree', 'Strongly Agree']","['Disagree', 'Strongly Agree', 'Agree']"
Alan Nguyen,3,22703144,"['Strongly Agree', 'Agree', 'Strongly Disagree']","['Strongly Disagree', 'Disagree', 'Disagree']","['Agree', 'Strongly Agree', 'Strongly Disagree']","['Agree', 'Strongly Disagree', 'Agree']","['Disagree', 'Agree', 'Agree']","['Disagree', 'Agree', 'Agree']","['Disagree', 'Strongly Disagree', 'Strongly Agree']"
John Thompson,3,22458762,"['Agree', 'Disagree', 'Disagree']","['Strongly Disagree', 'Agree', 'Disagree']","['Strongly Agree', 'Disagree', 'Strongly Agree']","['Agree', 'Disagree', 'Strongly Disagree']","['Disagree', 'Agree', 'Strongly Agree']","['Agree', 'Strongly Disagree', 'Agree']","['Disagree', 'Strongly Disagree', 'Strongly Disagree']"
Autumn Mccormick,4,21941040,"['Agree', 'Strongly Disagree', 'Agree']","['Strongly Disagree', 'Disagree', 'Disagree']","['Agree', 'Agree', 'Strongly Disagree']","['Agree', 'Strongly Disagree', 'Agree']","['Strongly Disagree', 'Disagree', 'Agree']","['Agree', 'Agree', 'Disagree']","['Agree', 'Strongly Agree', 'Strongly Agree']"
Jennifer Blackwell,1,24882140,"['Strongly Agree', 'Strongly Agree', 'Disagree']","['Disagree', 'Agree', 'Agree']","['Strongly Agree', 'Strongly Disagree', 'Disagree']","['Disagree', 'Strongly Disagree', 'Agree']","['Agree', 'Agree', 'Disagree']","['Agree', 'Disagree', 'Agree']","['Strongly Disagree', 'Strongly Agree', 'Disagree']"
Kristin Walsh,2,23807945,"['Strongly Disagree', 'Strongly Disagree', 'Disagree']","['Agree', 'Strongly Disagree', 'Strongly Disagree']","['Strongly Disagree', 'Agree', 'Strongly Disagree']","['Agree', 'Agree', 'Agree']","['Agree', 'Agree', 'Disagree']","['Strongly Agree', 'Agree', 'Disagree']","['Strongly Disagree', 'Agree', 'Strongly Disagree']"
Charles Nolan,2,23807904,"['Disagree', 'Strongly Agree', 'Strongly Disagree']","['Strongly Agree', 'Strongly Disagree', 'Strongly Disagree']","['Strongly Disagree', 'Strongly Agree', 'Strongly Agree']","['Agree', 'Disagree', 'Strongly Agree']","['Disagree', 'Disagree', 'Strongly Disagree']","['Strongly Disagree', 'Disagree', 'Strongly Disagree']","['Strongly Agree', 'Disagree', 'Strongly Disagree']"
Shane Reyes,3,22400889,"['Disagree', 'Strongly Agree', 'Agree']","['Agree', 'Disagree', 'Strongly Disagree']","['Strongly Agree', 'Agree', 'Strongly Disagree']","['Disagree', 'Agree', 'Strongly Disagree']","['Disagree', 'Disagree', 'Disagree']","['Agree', 'Agree', 'Strongly Agree']","['Strongly Agree', 'Disagree', 'Agree']"
Lisa Ward,3,22010364,"['Strongly Disagree', 'Disagree', 'Agree']","['Strongly Disagree', 'Disagree', 'Strongly Agree']","['Agree', 'Strongly Agree', 'Strongly Agree']","['Agree', 'Strongly Agree', 'Strongly Disagree']","['Strongly Agree', 'Disagree', 'Agree']","['Strongly Agree', 'Strongly Agree', 'Disagree']","['Strongly Agree', 'Disagree', 'Strongly Disagree']"
Sarah Cruz MD,4,21254680,"['Disagree', 'Agree', 'Agree']","['Disagree', 'Strongly Disagree', 'Strongly Disagree']","['Agree', 'Disagree', 'Strongly Disagree']","['Strongly Agree', 'Strongly Disagree', 'Strongly Agree']","['Disagree', 'Strongly Agree', 'Disagree']","['Agree', 'Disagree', 'Disagree']","['Disagree', 'Strongly Agree', 'Strongly Agree']"
Teresa Howard,2,23897250,"['Agree', 'Agree', 'Strongly Disagree']","['Disagree', 'Disagree', 'Disagree']","['Strongly Disagree', 'Disagree', 'Disagree']","['Agree', 'Disagree', 'Strongly Agree']","['Strongly Agree', 'Strongly Disagree', 'Strongly Disagree']","['Strongly Agree', 'Strongly Disagree', 'Strongly Agree']","['Agree', 'Agree', 'Disagree']"
Joseph Ford,1,24130295,"['Strongly Agree', 'Strongly Disagree', 'Agree']","['Agree', 'Strongly Agree', 'Strongly Disagree']","['Disagree', 'Strongly Disagree', 'Strongly Disagree']","['Strongly Agree', 'Strongly Disagree', 'Strongly Agree']","['Disagree', 'Disagree', 'Disagree']","['Strongly Disagree', 'Disagree', 'Strongly Disagree']","['Strongly Agree', 'Strongly Agree', 'Disagree']"
Lance Smith,3,22594907,"['Strongly Agree', 'Strongly Disagree', 'Disagree']","['Strongly Disagree', 'Strongly Agree', 'Disagree']","['Strongly Agree', 'Agree', 'Agree']","['Agree', 'Strongly Disagree', 'Strongly Agree']","['Strongly Disagree', 'Strongly Agree', 'Disagree']","['Disagree', 'Agree', 'Disagree']","['Disagree', 'Strongly Agree', 'Strongly Disagree']"
Melanie Arnold,3,22296943,"['Strongly Disagree', 'Strongly Disagree', 'Disagree']","['Strongly Agree', 'Strongly Disagree', 'Disagree']","['Strongly Disagree', 'Disagree', 'Agree']","['Disagree', 'Strongly Disagree', 'Strongly Disagree']","['Strongly Agree', 'Agree', 'Agree']","['Disagree', 'Strongly Agree', 'Agree']","['Strongly Disagree', 'Disagree', 'Strongly Agree']"
Keith Lowery,3,22055344,"['Strongly Disagree', 'Strongly Agree', 'Agree']","['Strongly Agree', 'Strongly Disagree', 'Agree']","['Strongly Disagree', 'Agree', 'Agree']","['Agree', 'Disagree', 'Strongly Agree']","['Strongly Agree', 'Disagree', 'Strongly Agree']","['Strongly Agree', 'Disagree', 'Agree']","['Agree', 'Agree', 'Agree']"
Kelli Bennett,2,23670235,"['Agree', 'Strongly Agree', 'Strongly Agree']","['Strongly Disagree', 'Strongly Agree', 'Agree']","['Strongly Agree', 'Disagree', 'Strongly Agree']","['Strongly Agree', 'Agree', 'Strongly Agree']","['Strongly Agree', 'Strongly Disagree', 'Strongly Agree']","['Strongly Disagree', 'Disagree', 'Disagree']","['Strongly Agree', 'Strongly Disagree', 'Strongly Disagree']"
Jesus Benjamin,1,24281473,"['Agree', 'Agree', 'Agree']","['Agree', 'Agree', 'Strongly Agree']","['Strongly Disagree', 'Strongly Agree', 'Disagree']","['Strongly Disagree', 'Agree', 'Disagree']","['Strongly Agree', 'Strongly Disagree', 'Disagree']","['Disagree', 'Agree', 'Disagree']","['Strongly Disagree', 'Disagree', 'Strongly Disagree']"
Manuel Warren,1,24833723,"['Strongly Disagree', 'Strongly Disagree', 'Strongly Disagree']","['Strongly Agree', 'Disagree', 'Disagree']","['Agree', 'Agree', 'Disagree']","['Agree', 'Strongly Disagree', 'Strongly Disagree']","['Agree', 'Strongly Agree', 'Agree']","['Agree', 'Disagree', 'Disagree']","['Strongly Agree', 'Strongly Agree', 'Strongly Disagree']"
David Green,4,21273139,"['Strongly Disagree', 'Disagree', 'Strongly Agree']","['Disagree', 'Strongly Disagree', 'Strongly Disagree']","['Strongly Agree', 'Strongly Disagree', 'Strongly Agree']","['Agree', 'Strongly Disagree', 'Agree']","['Agree', 'Strongly Disagree', 'Disagree']","['Disagree', 'Agree', 'Strongly Agree']","['Strongly Disagree', 'Strongly Disagree', 'Agree']"
Brandon Carey,3,22294552,"['Strongly Agree', 'Disagree', 'Strongly Disagree']","['Strongly Agree', 'Disagree', 'Strongly Disagree']","['Strongly Disagree', 'Agree', 'Disagree']","['Strongly Agree', 'Agree', 'Strongly Disagree']","['Strongly Disagree', 'Strongly Agree', 'Strongly Agree']","['Agree', 'Strongly Disagree', 'Agree']","['Strongly Disagree', 'Strongly Disagree', 'Strongly Agree']"
Michael Freeman,4,21384423,"['Agree', 'Strongly Agree', 'Disagree']","['Disagree', 'Disagree', 'Strongly Agree']","['Strongly Disagree', 'Strongly Disagree', 'Disagree']","['Strongly Disagree', 'Strongly Agree', 'Disagree']","['Strongly Disagree', 'Disagree', 'Disagree']","['Agree', 'Strongly Disagree', 'Strongly Disagree']","['Strongly Disagree', 'Strongly Disagree', 'Disagree']"
Jordan Johnson,2,23458505,"['Agree', 'Agree', 'Strongly Agree']","['Strongly Disagree', 'Agree', 'Agree']","['Strongly Disagree', 'Agree', 'Disagree']","['Disagree', 'Strongly Agree', 'Disagree']","['Strongly Disagree', 'Strongly Disagree', 'Agree']","['Strongly Agree', 'Agree', 'Strongly Agree']","['Strongly Agree', 'Agree', 'Disagree']"
Calvin Cervantes,3,22916268,"['Disagree', 'Strongly Disagree', 'Disagree']","['Disagree', 'Strongly Agree', 'Strongly Agree']","['Strongly Disagree', 'Strongly Disagree', 'Strongly Agree']","['Agree', 'Strongly Disagree', 'Strongly Disagree']","['Strongly Agree', 'Agree', 'Agree']","['Agree', 'Strongly Agree', 'Strongly Agree']","['Strongly Disagree', 'Strongly Disagree', 'Strongly Disagree']"
Tonya Vazquez,1,24063922,"['Disagree', 'Strongly Disagree', 'Strongly Agree']","['Agree', 'Strongly Agree', 'Disagree']","['Disagree', 'Agree', 'Disagree']","['Strongly Agree', 'Agree', 'Strongly Agree']","['Agree', 'Strongly Disagree', 'Agree']","['Agree', 'Disagree', 'Agree']","['Strongly Disagree', 'Strongly Agree', 'Disagree']"
Kevin Alvarado,2,23635120,"['Agree', 'Strongly Agree', 'Agree']","['Strongly Disagree', 'Strongly Disagree', 'Disagree']","['Disagree', 'Agree', 'Strongly Agree']","['Disagree', 'Strongly Disagree', 'Agree']","['Agree', 'Agree', 'Disagree']","['Disagree', 'Strongly Disagree', 'Strongly Agree']","['Agree', 'Strongly Disagree', 'Strongly Agree']"
Jason Flynn,1,24763775,"['Strongly Agree', 'Disagree', 'Disagree']","['Disagree', 'Strongly Disagree', 'Strongly Disagree']","['Strongly Agree', 'Strongly Agree', 'Disagree']","['Strongly Agree', 'Disagree', 'Strongly Agree']","['Agree', 'Disagree', 'Strongly Disagree']","['Disagree', 'Agree', 'Strongly Agree']","['Strongly Agree', 'Strongly Disagree', 'Strongly Agree']"
Andre English,3,22445304,"['Strongly Agree', 'Strongly Disagree', 'Disagree']","['Agree', 'Strongly Disagree', 'Strongly Agree']","['Strongly Agree', 'Agree', 'Strongly Agree']","['Strongly Disagree', 'Disagree', 'Strongly Disagree']","['Strongly Agree', 'Disagree', 'Strongly Agree']","['Agree', 'Strongly Agree', 'Agree']","['Strongly Agree', 'Strongly Agree', 'Disagree']"
Lawrence Compton,1,24028294,"['Agree', 'Strongly Disagree', 'Disagree']","['Strongly Agree', 'Agree', 'Disagree']","['Disagree', 'Disagree', 'Agree']","['Strongly Disagree', 'Agree', 'Agree']","['Strongly Agree', 'Agree', 'Strongly Disagree']","['Strongly Agree', 'Strongly Disagree', 'Strongly Agree']","['Agree', 'Disagree', 'Agree']"
Dennis Rogers,2,23125764,"['Strongly Disagree', 'Agree', 'Strongly Agree']","['Agree', 'Strongly Disagree', 'Agree']","['Strongly Disagree', 'Strongly Agree', 'Strongly Agree']","['Strongly Agree', 'Strongly Agree', 'Disagree']","['Agree', 'Disagree', 'Strongly Disagree']","['Strongly Agree', 'Strongly Agree', 'Strongly Agree']","['Strongly Disagree', 'Disagree', 'Agree']"
Jon Smith,2,23115019,"['Strongly Disagree', 'Strongly Agree', 'Strongly Agree']","['Agree', 'Strongly Agree', 'Disagree']","['Disagree', 'Agree', 'Strongly Agree']","['Strongly Disagree', 'Disagree', 'Disagree']","['Disagree', 'Strongly Disagree', 'Strongly Disagree']","['Agree', 'Agree', 'Strongly Disagree']","['Strongly Disagree', 'Strongly Agree', 'Agree']"
Yvette Lewis,2,23796758,"['Agree', 'Strongly Disagree', 'Agree']","['Disagree', 'Disagree', 'Disagree']","['Strongly Disagree', 'Strongly Disagree', 'Strongly Disagree']","['Strongly Agree', 'Disagree', 'Disagree']","['Disagree', 'Agree', 'Disagree']","['Strongly Disagree', 'Disagree', 'Disagree']","['Disagree', 'Disagree', 'Strongly Agree']"
James Bush,3,22446227,"['Disagree', 'Strongly Disagree', 'Disagree']","['Agree', 'Disagree', 'Strongly Disagree']","['Strongly Agree', 'Strongly Disagree', 'Agree']","['Agree', 'Strongly Disagree', 'Disagree']","['Strongly Disagree', 'Disagree', 'Strongly Agree']","['Strongly Disagree', 'Strongly Agree', 'Strongly Disagree']","['Disagree', 'Agree', 'Strongly Disagree']"
Scott Gould,2,23557483,"['Strongly Disagree', 'Agree', 'Strongly Agree']","['Agree', 'Strongly Agree', 'Disagree']","['Agree', 'Strongly Agree', 'Strongly Agree']","['Strongly Agree', 'Strongly Agree', 'Strongly Agree']","['Agree', 'Disagree', 'Disagree']","['Agree', 'Strongly Disagree', 'Strongly Disagree']","['Agree', 'Agree', 'Agree']"
Bruce Lawson,3,22258494,"['Agree', 'Disagree', 'Strongly Disagree']","['Agree', 'Disagree', 'Disagree']","['Agree', 'Disagree', 'Agree']","['Strongly Agree', 'Strongly Agree', 'Strongly Agree']","['Strongly Disagree', 'Strongly Agree', 'Agree']","['Strongly Disagree', 'Agree', 'Strongly Disagree']","['Strongly Disagree', 'Strongly Agree', 'Disagree']"
Jason Gonzalez,1,24420527,"['Strongly Agree', 'Strongly Agree', 'Strongly Agree']","['Strongly Agree', 'Disagree', 'Agree']","['Strongly Agree', 'Disagree', 'Strongly Agree']","['Agree', 'Agree', 'Agree']","['Disagree', 'Disagree', 'Strongly Agree']","['Disagree', 'Agree', 'Strongly Disagree']","['Disagree', 'Strongly Agree', 'Disagree']"
Jennifer Bass,1,24107715,"['Agree', 'Strongly Disagree', 'Strongly Agree']","['Disagree', 'Strongly Agree', 'Strongly Agree']","['Agree', 'Strongly Disagree', 'Strongly Agree']","['Strongly Agree', 'Strongly Agree', 'Agree']","['Strongly Disagree', 'Strongly Disagree', 'Strongly Agree']","['Agree', 'Agree', 'Disagree']","['Strongly Disagree', 'Strongly Agree', 'Strongly Disagree']"
Nichole Wade,4,21676911,"['Disagree', 'Disagree', 'Strongly Agree']","['Strongly Disagree', 'Agree', 'Agree']","['Disagree', 'Strongly Disagree', 'Strongly Disagree']","['Strongly Disagree', 'Strongly Agree', 'Disagree']","['Agree', 'Strongly Agree', 'Agree']","['Strongly Disagree', 'Agree', 'Strongly Agree']","['Strongly Disagree', 'Strongly Agree', 'Strongly Agree']"
Nancy Ballard,2,23023582,"['Agree', 'Strongly Agree', 'Agree']","['Disagree', 'Agree', 'Disagree']","['Strongly Agree', 'Strongly Agree', 'Strongly Disagree']","['Strongly Disagree', 'Strongly Agree', 'Disagree']","['Agree', 'Strongly Disagree', 'Disagree']","['Agree', 'Strongly Agree', 'Strongly Disagree']","['Disagree', 'Disagree', 'Disagree']"
Christopher Hall,3,22564422,"['Agree', 'Strongly Agree', 'Strongly Disagree']","['Strongly Agree', 'Strongly Agree', 'Strongly Disagree']","['Strongly Disagree', 'Strongly Agree', 'Strongly Disagree']","['Agree', 'Strongly Agree', 'Agree']","['Strongly Agree', 'Strongly Agree', 'Strongly Agree']","['Strongly Disagree', 'Disagree', 'Agree']","['Strongly Agree', 'Strongly Disagree', 'Agree']"
Audrey Farmer,2,23610933,"['Strongly Disagree', 'Strongly Disagree', 'Strongly Disagree']","['Strongly Agree', 'Agree', 'Strongly Disagree']","['Agree', 'Strongly Disagree', 'Disagree']","['Agree', 'Agree', 'Agree']","['Agree', 'Disagree', 'Strongly Disagree']","['Agree', 'Strongly Agree', 'Strongly Disagree']","['Strongly Disagree', 'Strongly Agree', 'Disagree']"
Adrian Gross,1,24230139,"['Strongly Disagree', 'Agree', 'Strongly Agree']","['Strongly Agree', 'Strongly Agree', 'Strongly Disagree']","['Agree', 'Agree', 'Disagree']","['Strongly Agree', 'Disagree', 'Disagree']","['Disagree', 'Strongly Agree', 'Disagree']","['Disagree', 'Agree', 'Disagree']","['Agree', 'Agree', 'Strongly Agree']"
Rachel Wood,3,22723272,"['Strongly Disagree', 'Strongly Disagree', 'Strongly Agree']","['Strongly Agree', 'Strongly Disagree', 'Strongly Agree']","['Strongly Disagree', 'Strongly Agree', 'Strongly Disagree']","['Strongly Agree', 'Agree', 'Strongly Agree']","['Agree', 'Disagree', 'Strongly Disagree']","['Strongly Agree', 'Agree', 'Strongly Disagree']","['Disagree', 'Strongly Agree', 'Agree']"
Nancy Hall,2,23443756,"['Strongly Disagree', 'Strongly Disagree', 'Strongly Agree']","['Strongly Agree', 'Agree', 'Strongly Disagree']","['Disagree', 'Disagree', 'Agree']","['Strongly Disagree', 'Disagree', 'Strongly Agree']","['Agree', 'Disagree', 'Agree']","['Disagree', 'Disagree', 'Disagree']","['Disagree', 'Strongly Disagree', 'Strongly Agree']"
Antonio Torres,1,24413362,"['Disagree', 'Agree', 'Strongly Agree']","['Disagree', 'Strongly Disagree', 'Disagree']","['Disagree', 'Strongly Disagree', 'Strongly Agree']","['Disagree', 'Agree', 'Agree']","['Strongly Agree', 'Disagree', 'Strongly Agree']","['Strongly Disagree', 'Strongly Agree', 'Agree']","['Disagree', 'Disagree', 'Disagree']"
Crystal Flowers,4,21587429,"['Disagree', 'Strongly Agree', 'Agree']","['Agree', 'Strongly Agree', 'Agree']","['Agree', 'Strongly Disagree', 'Disagree']","['Disagree', 'Disagree', 'Strongly Disagree']","['Agree', 'Agree', 'Agree']","['Strongly Agree', 'Disagree', 'Strongly Disagree']","['Strongly Disagree', 'Disagree', 'Strongly Disagree']"
Tiffany Hill,1,24663532,"['Strongly Disagree', 'Disagree', 'Disagree']","['Strongly Agree', 'Strongly Agree', 'Strongly Disagree']","['Agree', 'Agree', 'Agree']","['Strongly Disagree', 'Agree', 'Disagree']","['Strongly Agree', 'Strongly Disagree', 'Disagree']","['Strongly Agree', 'Agree', 'Disagree']","['Disagree', 'Strongly Agree', 'Strongly Agree']"
Paula Williams,3,22189216,"['Strongly Disagree', 'Disagree', 'Strongly Agree']","['Strongly Disagree', 'Agree', 'Agree']","['Strongly Agree', 'Strongly Disagree', 'Disagree']","['Agree', 'Agree', 'Disagree']","['Agree', 'Agree', 'Agree']","['Agree', 'Strongly Agree', 'Strongly Disagree']","['Disagree', 'Disagree', 'Disagree']"
Brian Rivera,3,22324747,"['Strongly Agree', 'Strongly Disagree', 'Strongly Disagree']","['Strongly Disagree', 'Agree', 'Strongly Disagree']","['Strongly Agree', 'Disagree', 'Agree']","['Disagree', 'Strongly Disagree', 'Disagree']","['Strongly Disagree', 'Strongly Agree', 'Strongly Disagree']","['Strongly Disagree', 'Strongly Agree', 'Strongly Disagree']","['Agree', 'Agree', 'Agree']"
Tracy Garrison,4,21863078,"['Strongly Agree', 'Strongly Agree', 'Strongly Disagree']","['Strongly Agree', 'Strongly Agree', 'Strongly Disagree']","['Strongly Agree', 'Strongly Disagree', 'Strongly Agree']","['Strongly Agree', 'Strongly Agree', 'Strongly Disagree']","['Strongly Disagree', 'Strongly Disagree', 'Agree']","['Disagree', 'Strongly Agree', 'Strongly Disagree']","['Strongly Disagree', 'Strongly Agree', 'Agree']"
Kevin Shaw,1,24512667,"['Strongly Disagree', 'Strongly Disagree', 'Strongly Agree']","['Strongly Agree', 'Agree', 'Disagree']","['Strongly Disagree', 'Agree', 'Disagree']","['Strongly Agree', 'Disagree', 'Strongly Agree']","['Strongly Agree', 'Strongly Disagree', 'Agree']","['Strongly Agree', 'Disagree', 'Agree']","['Disagree', 'Disagree', 'Disagree']"
Douglas Shaw,3,22882875,"['Agree', 'Disagree', 'Agree']","['Strongly Agree', 'Strongly Agree', 'Strongly Disagree']","['Disagree', 'Agree', 'Agree']","['Strongly Agree', 'Disagree', 'Disagree']","['Agree', 'Strongly Agree', 'Strongly Agree']","['Disagree', 'Agree', 'Agree']","['Disagree', 'Disagree', 'Agree']"
Michelle Turner,3,22650346,"['Disagree', 'Agree', 'Disagree']","['Strongly Agree', 'Strongly Disagree', 'Disagree']","['Agree', 'Disagree', 'Strongly Disagree']","['Strongly Agree', 'Strongly Disagree', 'Strongly Disagree']","['Strongly Agree', 'Strongly Agree', 'Disagree']","['Agree', 'Strongly Agree', 'Disagree']","['Agree', 'Strongly Disagree', 'Strongly Disagree']"
Dr. Elizabeth Anderson,3,22884979,"['Agree', 'Disagree', 'Agree']","['Strongly Agree', 'Strongly Agree', 'Strongly Disagree']","['Agree', 'Agree', 'Agree']","['Disagree', 'Strongly Disagree', 'Disagree']","['Disagree', 'Disagree', 'Disagree']","['Strongly Agree', 'Agree', 'Strongly Agree']","['Disagree', 'Strongly Disagree', 'Agree']"
Harold Castillo,3,22309443,"['Strongly Disagree', 'Strongly Disagree', 'Disagree']","['Strongly Disagree', 'Strongly Agree', 'Strongly Agree']","['Strongly Disagree', 'Strongly Agree', 'Strongly Agree']","['Strongly Disagree', 'Agree', 'Agree']","['Strongly Agree', 'Strongly Disagree', 'Agree']","['Strongly Agree', 'Strongly Agree', 'Strongly Agree']","['Agree', 'Disagree', 'Strongly Agree']"
Lawrence Cortez,2,23970040,"['Disagree', 'Disagree', 'Disagree']","['Agree', 'Strongly Disagree', 'Strongly Disagree']","['Disagree', 'Agree', 'Disagree']","['Agree', 'Strongly Disagree', 'Agree']","['Strongly Disagree', 'Agree', 'Disagree']","['Strongly Agree', 'Disagree', 'Strongly Agree']","['Agree', 'Disagree', 'Agree']"
Carl Gonzales,4,21270099,"['Agree', 'Strongly Agree', 'Disagree']","['Agree', 'Strongly Agree', 'Strongly Agree']","['Disagree', 'Strongly Agree', 'Strongly Agree']","['Strongly Agree', 'Agree', 'Disagree']","['Strongly Disagree', 'Strongly Agree', 'Disagree']","['Strongly Agree', 'Disagree', 'Disagree']","['Disagree', 'Strongly Disagree', 'Agree']"
Nichole Walton,1,24994341,"['Strongly Agree', 'Disagree', 'Strongly Disagree']","['Disagree', 'Strongly Agree', 'Disagree']","['Strongly Disagree', 'Agree', 'Strongly Disagree']","['Strongly Disagree', 'Strongly Agree', 'Disagree']","['Agree', 'Strongly Disagree', 'Strongly Disagree']","['Agree', 'Strongly Disagree', 'Agree']","['Strongly Agree', 'Strongly Agree', 'Strongly Disagree']"
Martin Phillips,4,21809757,"['Strongly Disagree', 'Disagree', 'Disagree']","['Strongly Agree', 'Disagree', 'Strongly Disagree']","['Agree', 'Strongly Agree', 'Disagree']","['Agree', 'Disagree', 'Strongly Agree']","['Disagree', 'Disagree', 'Agree']","['Strongly Agree', 'Disagree', 'Strongly Agree']","['Strongly Disagree', 'Strongly Disagree', 'Agree']"
Sara Oconnor,2,23224335,"['Disagree', 'Disagree', 'Agree']","['Strongly Agree', 'Disagree', 'Agree']","['Disagree', 'Agree', 'Disagree']","['Disagree', 'Disagree', 'Disagree']","['Disagree', 'Strongly Agree', 'Strongly Disagree']","['Agree', 'Disagree', 'Agree']","['Agree', 'Disagree', 'Strongly Disagree']"
Nathaniel Johnston,3,22314642,"['Strongly Disagree', 'Strongly Agree', 'Disagree']","['Disagree', 'Disagree', 'Strongly Disagree']","['Agree', 'Disagree', 'Agree']","['Disagree', 'Disagree', 'Disagree']","['Agree', 'Disagree', 'Strongly Disagree']","['Agree', 'Strongly Disagree', 'Strongly Agree']","['Disagree', 'Disagree', 'Strongly Disagree']"
Amy Smith,1,24677935,"['Disagree', 'Disagree', 'Agree']","['Strongly Agree', 'Strongly Agree', 'Strongly Disagree']","['Disagree', 'Disagree', 'Strongly Disagree']","['Agree', 'Agree', 'Strongly Agree']","['Disagree', 'Strongly Disagree', 'Strongly Disagree']","['Strongly Agree', 'Disagree', 'Strongly Agree']","['Disagree', 'Strongly Disagree', 'Strongly Disagree']"
William Reed,4,21579248,"['Disagree', 'Disagree', 'Agree']","['Strongly Agree', 'Disagree', 'Agree']","['Strongly Disagree', 'Strongly Disagree', 'Strongly Disagree']","['Strongly Agree', 'Strongly Agree', 'Disagree']","['Strongly Agree', 'Strongly Disagree', 'Disagree']","['Agree', 'Agree', 'Disagree']","['Agree', 'Strongly Agree', 'Strongly Agree']"
Cindy Romero,4,21057495,"['Strongly Disagree', 'Strongly Agree', 'Strongly Disagree']","['Strongly Agree', 'Disagree', 'Disagree']","['Agree', 'Strongly Agree', 'Strongly Disagree']","['Strongly Disagree', 'Disagree', 'Strongly Agree']","['Strongly Agree', 'Disagree', 'Strongly Disagree']","['Agree', 'Strongly Agree', 'Disagree']","['Strongly Disagree', 'Strongly Agree', 'Strongly Disagree']"
Emily Miller,3,22782220,"['Agree', 'Strongly Agree', 'Strongly Agree']","['Strongly Disagree', 'Strongly Agree', 'Disagree']","['Disagree', 'Agree', 'Strongly Agree']","['Strongly Disagree', 'Strongly Disagree', 'Strongly Disagree']","['Agree', 'Strongly Agree', 'Strongly Disagree']","['Disagree', 'Strongly Disagree', 'Disagree']","['Disagree', 'Strongly Agree', 'Agree']"
Angel Johnson,3,22757586,"['Strongly Agree', 'Agree', 'Strongly Disagree']","['Strongly Disagree', 'Strongly Disagree', 'Strongly Disagree']","['Agree', 'Strongly Disagree', 'Disagree']","['Agree', 'Disagree', 'Strongly Agree']","['Disagree', 'Strongly Agree', 'Strongly Disagree']","['Disagree', 'Strongly Disagree', 'Disagree']","['Disagree', 'Agree', 'Strongly Disagree']"
Gregory Martin,2,23393418,"['Strongly Agree', 'Strongly Disagree', 'Disagree']","['Disagree', 'Strongly Agree', 'Disagree']","['Agree', 'Disagree', 'Strongly Agree']","['Agree', 'Strongly Disagree', 'Strongly Disagree']","['Strongly Agree', 'Strongly Agree', 'Strongly Agree']","['Disagree', 'Disagree', 'Strongly Disagree']","['Strongly Disagree', 'Disagree', 'Agree']"
Melinda Hines,4,21886801,"['Strongly Disagree', 'Strongly Agree', 'Strongly Disagree']","['Disagree', 'Disagree', 'Strongly Disagree']","['Strongly Agree', 'Strongly Agree', 'Strongly Disagree']","['Strongly Agree', 'Disagree', 'Agree']","['Strongly Agree', 'Agree', 'Agree']","['Strongly Agree', 'Disagree', 'Strongly Agree']","['Strongly Disagree', 'Agree', 'Strongly Disagree']"
